date,bitcoin_unscaled,bitcoin_monthly,scale,bitcoin
2015-01-01,49,3.0,0.03,1.47
2015-01-02,50,3.0,0.03,1.5
2015-01-03,55,3.0,0.03,1.65
2015-01-04,68,3.0,0.03,2.04
2015-01-05,67,3.0,0.03,2.01
2015-01-06,74,3.0,0.03,2.2199999999999998
2015-01-07,54,3.0,0.03,1.6199999999999999
2015-01-08,60,3.0,0.03,1.7999999999999998
2015-01-09,55,3.0,0.03,1.65
2015-01-10,54,3.0,0.03,1.6199999999999999
2015-01-11,50,3.0,0.03,1.5
2015-01-12,47,3.0,0.03,1.41
2015-01-13,63,3.0,0.03,1.89
2015-01-14,100,3.0,0.03,3.0
2015-01-15,84,3.0,0.03,2.52
2015-01-16,70,3.0,0.03,2.1
2015-01-17,57,3.0,0.03,1.71
2015-01-18,54,3.0,0.03,1.6199999999999999
2015-01-19,51,3.0,0.03,1.53
2015-01-20,53,3.0,0.03,1.5899999999999999
2015-01-21,60,3.0,0.03,1.7999999999999998
2015-01-22,51,3.0,0.03,1.53
2015-01-23,53,3.0,0.03,1.5899999999999999
2015-01-24,53,3.0,0.03,1.5899999999999999
2015-01-25,57,3.0,0.03,1.71
2015-01-26,81,3.0,0.03,2.4299999999999997
2015-01-27,63,3.0,0.03,1.89
2015-01-28,61,3.0,0.03,1.8299999999999998
2015-01-29,58,3.0,0.03,1.74
2015-01-30,51,3.0,0.03,1.53
2015-01-31,47,3.0,0.03,1.41
2015-02-01,57,3.0,0.03,1.71
2015-02-02,52,3.0,0.03,1.56
2015-02-03,59,3.0,0.03,1.77
2015-02-04,53,3.0,0.03,1.5899999999999999
2015-02-05,57,3.0,0.03,1.71
2015-02-06,57,3.0,0.03,1.71
2015-02-07,70,3.0,0.03,2.1
2015-02-08,66,3.0,0.03,1.98
2015-02-09,70,3.0,0.03,2.1
2015-02-10,69,3.0,0.03,2.07
2015-02-11,58,3.0,0.03,1.74
2015-02-12,64,3.0,0.03,1.92
2015-02-13,55,3.0,0.03,1.65
2015-02-14,58,3.0,0.03,1.74
2015-02-15,58,3.0,0.03,1.74
2015-02-16,59,3.0,0.03,1.77
2015-02-17,60,3.0,0.03,1.7999999999999998
2015-02-18,57,3.0,0.03,1.71
2015-02-19,61,3.0,0.03,1.8299999999999998
2015-02-20,100,3.0,0.03,3.0
2015-02-21,63,3.0,0.03,1.89
2015-02-22,60,3.0,0.03,1.7999999999999998
2015-02-23,59,3.0,0.03,1.77
2015-02-24,55,3.0,0.03,1.65
2015-02-25,53,3.0,0.03,1.5899999999999999
2015-02-26,51,3.0,0.03,1.53
2015-02-27,53,3.0,0.03,1.5899999999999999
2015-02-28,50,3.0,0.03,1.5
2015-03-01,77,3.0,0.03,2.31
2015-03-02,83,3.0,0.03,2.4899999999999998
2015-03-03,83,3.0,0.03,2.4899999999999998
2015-03-04,83,3.0,0.03,2.4899999999999998
2015-03-05,82,3.0,0.03,2.46
2015-03-06,99,3.0,0.03,2.9699999999999998
2015-03-07,100,3.0,0.03,3.0
2015-03-08,83,3.0,0.03,2.4899999999999998
2015-03-09,83,3.0,0.03,2.4899999999999998
2015-03-10,97,3.0,0.03,2.9099999999999997
2015-03-11,95,3.0,0.03,2.85
2015-03-12,83,3.0,0.03,2.4899999999999998
2015-03-13,84,3.0,0.03,2.52
2015-03-14,81,3.0,0.03,2.4299999999999997
2015-03-15,80,3.0,0.03,2.4
2015-03-16,85,3.0,0.03,2.55
2015-03-17,82,3.0,0.03,2.46
2015-03-18,93,3.0,0.03,2.79
2015-03-19,95,3.0,0.03,2.85
2015-03-20,78,3.0,0.03,2.34
2015-03-21,74,3.0,0.03,2.2199999999999998
2015-03-22,75,3.0,0.03,2.25
2015-03-23,78,3.0,0.03,2.34
2015-03-24,78,3.0,0.03,2.34
2015-03-25,88,3.0,0.03,2.6399999999999997
2015-03-26,81,3.0,0.03,2.4299999999999997
2015-03-27,71,3.0,0.03,2.13
2015-03-28,65,3.0,0.03,1.95
2015-03-29,73,3.0,0.03,2.19
2015-03-30,92,3.0,0.03,2.76
2015-03-31,81,3.0,0.03,2.4299999999999997
2015-04-01,100,2.0,0.02,2.0
2015-04-02,90,2.0,0.02,1.8
2015-04-03,91,2.0,0.02,1.82
2015-04-04,89,2.0,0.02,1.78
2015-04-05,96,2.0,0.02,1.92
2015-04-06,92,2.0,0.02,1.84
2015-04-07,95,2.0,0.02,1.9000000000000001
2015-04-08,100,2.0,0.02,2.0
2015-04-09,98,2.0,0.02,1.96
2015-04-10,94,2.0,0.02,1.8800000000000001
2015-04-11,83,2.0,0.02,1.6600000000000001
2015-04-12,83,2.0,0.02,1.6600000000000001
2015-04-13,95,2.0,0.02,1.9000000000000001
2015-04-14,97,2.0,0.02,1.94
2015-04-15,89,2.0,0.02,1.78
2015-04-16,83,2.0,0.02,1.6600000000000001
2015-04-17,86,2.0,0.02,1.72
2015-04-18,86,2.0,0.02,1.72
2015-04-19,90,2.0,0.02,1.8
2015-04-20,87,2.0,0.02,1.74
2015-04-21,96,2.0,0.02,1.92
2015-04-22,100,2.0,0.02,2.0
2015-04-23,89,2.0,0.02,1.78
2015-04-24,87,2.0,0.02,1.74
2015-04-25,84,2.0,0.02,1.68
2015-04-26,86,2.0,0.02,1.72
2015-04-27,88,2.0,0.02,1.76
2015-04-28,88,2.0,0.02,1.76
2015-04-29,86,2.0,0.02,1.72
2015-04-30,94,2.0,0.02,1.8800000000000001
2015-05-01,77,2.0,0.02,1.54
2015-05-02,68,2.0,0.02,1.36
2015-05-03,70,2.0,0.02,1.4000000000000001
2015-05-04,68,2.0,0.02,1.36
2015-05-05,71,2.0,0.02,1.42
2015-05-06,80,2.0,0.02,1.6
2015-05-07,74,2.0,0.02,1.48
2015-05-08,76,2.0,0.02,1.52
2015-05-09,66,2.0,0.02,1.32
2015-05-10,68,2.0,0.02,1.36
2015-05-11,74,2.0,0.02,1.48
2015-05-12,72,2.0,0.02,1.44
2015-05-13,79,2.0,0.02,1.58
2015-05-14,100,2.0,0.02,2.0
2015-05-15,76,2.0,0.02,1.52
2015-05-16,75,2.0,0.02,1.5
2015-05-17,75,2.0,0.02,1.5
2015-05-18,72,2.0,0.02,1.44
2015-05-19,80,2.0,0.02,1.6
2015-05-20,87,2.0,0.02,1.74
2015-05-21,83,2.0,0.02,1.6600000000000001
2015-05-22,75,2.0,0.02,1.5
2015-05-23,72,2.0,0.02,1.44
2015-05-24,77,2.0,0.02,1.54
2015-05-25,82,2.0,0.02,1.6400000000000001
2015-05-26,78,2.0,0.02,1.56
2015-05-27,78,2.0,0.02,1.56
2015-05-28,68,2.0,0.02,1.36
2015-05-29,81,2.0,0.02,1.62
2015-05-30,96,2.0,0.02,1.92
2015-05-31,85,2.0,0.02,1.7
2015-06-01,52,2.0,0.02,1.04
2015-06-02,47,2.0,0.02,0.9400000000000001
2015-06-03,51,2.0,0.02,1.02
2015-06-04,49,2.0,0.02,0.98
2015-06-05,44,2.0,0.02,0.88
2015-06-06,48,2.0,0.02,0.96
2015-06-07,50,2.0,0.02,1.0
2015-06-08,44,2.0,0.02,0.88
2015-06-09,48,2.0,0.02,0.96
2015-06-10,48,2.0,0.02,0.96
2015-06-11,45,2.0,0.02,0.9
2015-06-12,48,2.0,0.02,0.96
2015-06-13,40,2.0,0.02,0.8
2015-06-14,46,2.0,0.02,0.92
2015-06-15,46,2.0,0.02,0.92
2015-06-16,50,2.0,0.02,1.0
2015-06-17,55,2.0,0.02,1.1
2015-06-18,100,2.0,0.02,2.0
2015-06-19,56,2.0,0.02,1.12
2015-06-20,59,2.0,0.02,1.18
2015-06-21,51,2.0,0.02,1.02
2015-06-22,47,2.0,0.02,0.9400000000000001
2015-06-23,50,2.0,0.02,1.0
2015-06-24,50,2.0,0.02,1.0
2015-06-25,52,2.0,0.02,1.04
2015-06-26,46,2.0,0.02,0.92
2015-06-27,50,2.0,0.02,1.0
2015-06-28,51,2.0,0.02,1.02
2015-06-29,59,2.0,0.02,1.18
2015-06-30,75,2.0,0.02,1.5
2015-07-01,81,3.0,0.03,2.4299999999999997
2015-07-02,81,3.0,0.03,2.4299999999999997
2015-07-03,80,3.0,0.03,2.4
2015-07-04,84,3.0,0.03,2.52
2015-07-05,87,3.0,0.03,2.61
2015-07-06,100,3.0,0.03,3.0
2015-07-07,90,3.0,0.03,2.6999999999999997
2015-07-08,97,3.0,0.03,2.9099999999999997
2015-07-09,87,3.0,0.03,2.61
2015-07-10,96,3.0,0.03,2.88
2015-07-11,83,3.0,0.03,2.4899999999999998
2015-07-12,94,3.0,0.03,2.82
2015-07-13,91,3.0,0.03,2.73
2015-07-14,81,3.0,0.03,2.4299999999999997
2015-07-15,79,3.0,0.03,2.37
2015-07-16,77,3.0,0.03,2.31
2015-07-17,75,3.0,0.03,2.25
2015-07-18,78,3.0,0.03,2.34
2015-07-19,75,3.0,0.03,2.25
2015-07-20,79,3.0,0.03,2.37
2015-07-21,79,3.0,0.03,2.37
2015-07-22,73,3.0,0.03,2.19
2015-07-23,67,3.0,0.03,2.01
2015-07-24,75,3.0,0.03,2.25
2015-07-25,73,3.0,0.03,2.19
2015-07-26,78,3.0,0.03,2.34
2015-07-27,81,3.0,0.03,2.4299999999999997
2015-07-28,85,3.0,0.03,2.55
2015-07-29,72,3.0,0.03,2.16
2015-07-30,70,3.0,0.03,2.1
2015-07-31,70,3.0,0.03,2.1
2015-08-01,100,3.0,0.03,3.0
2015-08-02,78,3.0,0.03,2.34
2015-08-03,73,3.0,0.03,2.19
2015-08-04,72,3.0,0.03,2.16
2015-08-05,65,3.0,0.03,1.95
2015-08-06,61,3.0,0.03,1.8299999999999998
2015-08-07,59,3.0,0.03,1.77
2015-08-08,59,3.0,0.03,1.77
2015-08-09,60,3.0,0.03,1.7999999999999998
2015-08-10,62,3.0,0.03,1.8599999999999999
2015-08-11,63,3.0,0.03,1.89
2015-08-12,62,3.0,0.03,1.8599999999999999
2015-08-13,66,3.0,0.03,1.98
2015-08-14,57,3.0,0.03,1.71
2015-08-15,56,3.0,0.03,1.68
2015-08-16,61,3.0,0.03,1.8299999999999998
2015-08-17,61,3.0,0.03,1.8299999999999998
2015-08-18,69,3.0,0.03,2.07
2015-08-19,88,3.0,0.03,2.6399999999999997
2015-08-20,74,3.0,0.03,2.2199999999999998
2015-08-21,69,3.0,0.03,2.07
2015-08-22,66,3.0,0.03,1.98
2015-08-23,69,3.0,0.03,2.07
2015-08-24,81,3.0,0.03,2.4299999999999997
2015-08-25,84,3.0,0.03,2.52
2015-08-26,69,3.0,0.03,2.07
2015-08-27,63,3.0,0.03,1.89
2015-08-28,65,3.0,0.03,1.95
2015-08-29,59,3.0,0.03,1.77
2015-08-30,62,3.0,0.03,1.8599999999999999
2015-08-31,59,3.0,0.03,1.77
2015-09-01,90,2.0,0.02,1.8
2015-09-02,100,2.0,0.02,2.0
2015-09-03,89,2.0,0.02,1.78
2015-09-04,96,2.0,0.02,1.92
2015-09-05,87,2.0,0.02,1.74
2015-09-06,87,2.0,0.02,1.74
2015-09-07,87,2.0,0.02,1.74
2015-09-08,92,2.0,0.02,1.84
2015-09-09,96,2.0,0.02,1.92
2015-09-10,87,2.0,0.02,1.74
2015-09-11,84,2.0,0.02,1.68
2015-09-12,91,2.0,0.02,1.82
2015-09-13,96,2.0,0.02,1.92
2015-09-14,97,2.0,0.02,1.94
2015-09-15,88,2.0,0.02,1.76
2015-09-16,99,2.0,0.02,1.98
2015-09-17,95,2.0,0.02,1.9000000000000001
2015-09-18,99,2.0,0.02,1.98
2015-09-19,85,2.0,0.02,1.7
2015-09-20,91,2.0,0.02,1.82
2015-09-21,91,2.0,0.02,1.82
2015-09-22,97,2.0,0.02,1.94
2015-09-23,100,2.0,0.02,2.0
2015-09-24,90,2.0,0.02,1.8
2015-09-25,95,2.0,0.02,1.9000000000000001
2015-09-26,90,2.0,0.02,1.8
2015-09-27,92,2.0,0.02,1.84
2015-09-28,88,2.0,0.02,1.76
2015-09-29,90,2.0,0.02,1.8
2015-09-30,93,2.0,0.02,1.86
2015-10-01,61,3.0,0.03,1.8299999999999998
2015-10-02,64,3.0,0.03,1.92
2015-10-03,61,3.0,0.03,1.8299999999999998
2015-10-04,58,3.0,0.03,1.74
2015-10-05,66,3.0,0.03,1.98
2015-10-06,73,3.0,0.03,2.19
2015-10-07,65,3.0,0.03,1.95
2015-10-08,69,3.0,0.03,2.07
2015-10-09,66,3.0,0.03,1.98
2015-10-10,66,3.0,0.03,1.98
2015-10-11,63,3.0,0.03,1.89
2015-10-12,67,3.0,0.03,2.01
2015-10-13,67,3.0,0.03,2.01
2015-10-14,63,3.0,0.03,1.89
2015-10-15,66,3.0,0.03,1.98
2015-10-16,68,3.0,0.03,2.04
2015-10-17,71,3.0,0.03,2.13
2015-10-18,68,3.0,0.03,2.04
2015-10-19,67,3.0,0.03,2.01
2015-10-20,78,3.0,0.03,2.34
2015-10-21,76,3.0,0.03,2.28
2015-10-22,88,3.0,0.03,2.6399999999999997
2015-10-23,76,3.0,0.03,2.28
2015-10-24,73,3.0,0.03,2.19
2015-10-25,75,3.0,0.03,2.25
2015-10-26,81,3.0,0.03,2.4299999999999997
2015-10-27,87,3.0,0.03,2.61
2015-10-28,85,3.0,0.03,2.55
2015-10-29,99,3.0,0.03,2.9699999999999998
2015-10-30,100,3.0,0.03,3.0
2015-10-31,84,3.0,0.03,2.52
2015-11-01,48,3.0,0.03,1.44
2015-11-02,51,3.0,0.03,1.53
2015-11-03,73,3.0,0.03,2.19
2015-11-04,100,3.0,0.03,3.0
2015-11-05,88,3.0,0.03,2.6399999999999997
2015-11-06,62,3.0,0.03,1.8599999999999999
2015-11-07,53,3.0,0.03,1.5899999999999999
2015-11-08,46,3.0,0.03,1.38
2015-11-09,56,3.0,0.03,1.68
2015-11-10,51,3.0,0.03,1.53
2015-11-11,48,3.0,0.03,1.44
2015-11-12,45,3.0,0.03,1.3499999999999999
2015-11-13,45,3.0,0.03,1.3499999999999999
2015-11-14,36,3.0,0.03,1.08
2015-11-15,36,3.0,0.03,1.08
2015-11-16,39,3.0,0.03,1.17
2015-11-17,43,3.0,0.03,1.29
2015-11-18,42,3.0,0.03,1.26
2015-11-19,40,3.0,0.03,1.2
2015-11-20,42,3.0,0.03,1.26
2015-11-21,43,3.0,0.03,1.29
2015-11-22,38,3.0,0.03,1.14
2015-11-23,40,3.0,0.03,1.2
2015-11-24,40,3.0,0.03,1.2
2015-11-25,38,3.0,0.03,1.14
2015-11-26,42,3.0,0.03,1.26
2015-11-27,38,3.0,0.03,1.14
2015-11-28,35,3.0,0.03,1.05
2015-11-29,37,3.0,0.03,1.1099999999999999
2015-11-30,43,3.0,0.03,1.29
2015-12-01,35,4.0,0.04,1.4000000000000001
2015-12-02,37,4.0,0.04,1.48
2015-12-03,34,4.0,0.04,1.36
2015-12-04,32,4.0,0.04,1.28
2015-12-05,31,4.0,0.04,1.24
2015-12-06,33,4.0,0.04,1.32
2015-12-07,35,4.0,0.04,1.4000000000000001
2015-12-08,47,4.0,0.04,1.8800000000000001
2015-12-09,100,4.0,0.04,4.0
2015-12-10,63,4.0,0.04,2.52
2015-12-11,51,4.0,0.04,2.04
2015-12-12,46,4.0,0.04,1.84
2015-12-13,41,4.0,0.04,1.6400000000000001
2015-12-14,40,4.0,0.04,1.6
2015-12-15,46,4.0,0.04,1.84
2015-12-16,40,4.0,0.04,1.6
2015-12-17,42,4.0,0.04,1.68
2015-12-18,40,4.0,0.04,1.6
2015-12-19,33,4.0,0.04,1.32
2015-12-20,36,4.0,0.04,1.44
2015-12-21,38,4.0,0.04,1.52
2015-12-22,35,4.0,0.04,1.4000000000000001
2015-12-23,40,4.0,0.04,1.6
2015-12-24,37,4.0,0.04,1.48
2015-12-25,35,4.0,0.04,1.4000000000000001
2015-12-26,39,4.0,0.04,1.56
2015-12-27,36,4.0,0.04,1.44
2015-12-28,36,4.0,0.04,1.44
2015-12-29,37,4.0,0.04,1.48
2015-12-30,37,4.0,0.04,1.48
2015-12-31,33,4.0,0.04,1.32
2016-01-01,58,3.0,0.03,1.74
2016-01-02,63,3.0,0.03,1.89
2016-01-03,70,3.0,0.03,2.1
2016-01-04,68,3.0,0.03,2.04
2016-01-05,75,3.0,0.03,2.25
2016-01-06,70,3.0,0.03,2.1
2016-01-07,85,3.0,0.03,2.55
2016-01-08,82,3.0,0.03,2.46
2016-01-09,69,3.0,0.03,2.07
2016-01-10,64,3.0,0.03,1.92
2016-01-11,75,3.0,0.03,2.25
2016-01-12,62,3.0,0.03,1.8599999999999999
2016-01-13,73,3.0,0.03,2.19
2016-01-14,72,3.0,0.03,2.16
2016-01-15,96,3.0,0.03,2.88
2016-01-16,100,3.0,0.03,3.0
2016-01-17,87,3.0,0.03,2.61
2016-01-18,84,3.0,0.03,2.52
2016-01-19,81,3.0,0.03,2.4299999999999997
2016-01-20,87,3.0,0.03,2.61
2016-01-21,82,3.0,0.03,2.46
2016-01-22,78,3.0,0.03,2.34
2016-01-23,77,3.0,0.03,2.31
2016-01-24,64,3.0,0.03,1.92
2016-01-25,72,3.0,0.03,2.16
2016-01-26,73,3.0,0.03,2.19
2016-01-27,70,3.0,0.03,2.1
2016-01-28,73,3.0,0.03,2.19
2016-01-29,72,3.0,0.03,2.16
2016-01-30,63,3.0,0.03,1.89
2016-01-31,62,3.0,0.03,1.8599999999999999
2016-02-01,80,3.0,0.03,2.4
2016-02-02,75,3.0,0.03,2.25
2016-02-03,80,3.0,0.03,2.4
2016-02-04,75,3.0,0.03,2.25
2016-02-05,76,3.0,0.03,2.28
2016-02-06,74,3.0,0.03,2.2199999999999998
2016-02-07,75,3.0,0.03,2.25
2016-02-08,73,3.0,0.03,2.19
2016-02-09,79,3.0,0.03,2.37
2016-02-10,86,3.0,0.03,2.58
2016-02-11,90,3.0,0.03,2.6999999999999997
2016-02-12,83,3.0,0.03,2.4899999999999998
2016-02-13,76,3.0,0.03,2.28
2016-02-14,74,3.0,0.03,2.2199999999999998
2016-02-15,92,3.0,0.03,2.76
2016-02-16,90,3.0,0.03,2.6999999999999997
2016-02-17,89,3.0,0.03,2.67
2016-02-18,100,3.0,0.03,3.0
2016-02-19,96,3.0,0.03,2.88
2016-02-20,88,3.0,0.03,2.6399999999999997
2016-02-21,90,3.0,0.03,2.6999999999999997
2016-02-22,86,3.0,0.03,2.58
2016-02-23,84,3.0,0.03,2.52
2016-02-24,90,3.0,0.03,2.6999999999999997
2016-02-25,84,3.0,0.03,2.52
2016-02-26,88,3.0,0.03,2.6399999999999997
2016-02-27,81,3.0,0.03,2.4299999999999997
2016-02-28,75,3.0,0.03,2.25
2016-02-29,83,3.0,0.03,2.4899999999999998
2016-03-01,87,3.0,0.03,2.61
2016-03-02,88,3.0,0.03,2.6399999999999997
2016-03-03,94,3.0,0.03,2.82
2016-03-04,82,3.0,0.03,2.46
2016-03-05,100,3.0,0.03,3.0
2016-03-06,77,3.0,0.03,2.31
2016-03-07,89,3.0,0.03,2.67
2016-03-08,85,3.0,0.03,2.55
2016-03-09,89,3.0,0.03,2.67
2016-03-10,81,3.0,0.03,2.4299999999999997
2016-03-11,77,3.0,0.03,2.31
2016-03-12,78,3.0,0.03,2.34
2016-03-13,75,3.0,0.03,2.25
2016-03-14,90,3.0,0.03,2.6999999999999997
2016-03-15,84,3.0,0.03,2.52
2016-03-16,83,3.0,0.03,2.4899999999999998
2016-03-17,76,3.0,0.03,2.28
2016-03-18,75,3.0,0.03,2.25
2016-03-19,79,3.0,0.03,2.37
2016-03-20,81,3.0,0.03,2.4299999999999997
2016-03-21,82,3.0,0.03,2.46
2016-03-22,84,3.0,0.03,2.52
2016-03-23,82,3.0,0.03,2.46
2016-03-24,76,3.0,0.03,2.28
2016-03-25,74,3.0,0.03,2.2199999999999998
2016-03-26,73,3.0,0.03,2.19
2016-03-27,78,3.0,0.03,2.34
2016-03-28,78,3.0,0.03,2.34
2016-03-29,83,3.0,0.03,2.4899999999999998
2016-03-30,86,3.0,0.03,2.58
2016-03-31,83,3.0,0.03,2.4899999999999998
2016-04-01,73,3.0,0.03,2.19
2016-04-02,72,3.0,0.03,2.16
2016-04-03,70,3.0,0.03,2.1
2016-04-04,76,3.0,0.03,2.28
2016-04-05,82,3.0,0.03,2.46
2016-04-06,79,3.0,0.03,2.37
2016-04-07,78,3.0,0.03,2.34
2016-04-08,74,3.0,0.03,2.2199999999999998
2016-04-09,69,3.0,0.03,2.07
2016-04-10,75,3.0,0.03,2.25
2016-04-11,77,3.0,0.03,2.31
2016-04-12,81,3.0,0.03,2.4299999999999997
2016-04-13,83,3.0,0.03,2.4899999999999998
2016-04-14,69,3.0,0.03,2.07
2016-04-15,66,3.0,0.03,1.98
2016-04-16,68,3.0,0.03,2.04
2016-04-17,71,3.0,0.03,2.13
2016-04-18,72,3.0,0.03,2.16
2016-04-19,78,3.0,0.03,2.34
2016-04-20,77,3.0,0.03,2.31
2016-04-21,86,3.0,0.03,2.58
2016-04-22,89,3.0,0.03,2.67
2016-04-23,75,3.0,0.03,2.25
2016-04-24,82,3.0,0.03,2.46
2016-04-25,85,3.0,0.03,2.55
2016-04-26,87,3.0,0.03,2.61
2016-04-27,91,3.0,0.03,2.73
2016-04-28,100,3.0,0.03,3.0
2016-04-29,88,3.0,0.03,2.6399999999999997
2016-04-30,80,3.0,0.03,2.4
2016-05-01,28,4.0,0.04,1.12
2016-05-02,100,4.0,0.04,4.0
2016-05-03,65,4.0,0.04,2.6
2016-05-04,43,4.0,0.04,1.72
2016-05-05,44,4.0,0.04,1.76
2016-05-06,40,4.0,0.04,1.6
2016-05-07,38,4.0,0.04,1.52
2016-05-08,37,4.0,0.04,1.48
2016-05-09,38,4.0,0.04,1.52
2016-05-10,38,4.0,0.04,1.52
2016-05-11,37,4.0,0.04,1.48
2016-05-12,34,4.0,0.04,1.36
2016-05-13,34,4.0,0.04,1.36
2016-05-14,28,4.0,0.04,1.12
2016-05-15,27,4.0,0.04,1.08
2016-05-16,28,4.0,0.04,1.12
2016-05-17,35,4.0,0.04,1.4000000000000001
2016-05-18,33,4.0,0.04,1.32
2016-05-19,34,4.0,0.04,1.36
2016-05-20,34,4.0,0.04,1.36
2016-05-21,30,4.0,0.04,1.2
2016-05-22,29,4.0,0.04,1.16
2016-05-23,32,4.0,0.04,1.28
2016-05-24,31,4.0,0.04,1.24
2016-05-25,34,4.0,0.04,1.36
2016-05-26,28,4.0,0.04,1.12
2016-05-27,38,4.0,0.04,1.52
2016-05-28,43,4.0,0.04,1.72
2016-05-29,45,4.0,0.04,1.8
2016-05-30,47,4.0,0.04,1.8800000000000001
2016-05-31,44,4.0,0.04,1.76
2016-06-01,56,5.0,0.05,2.8000000000000003
2016-06-02,52,5.0,0.05,2.6
2016-06-03,56,5.0,0.05,2.8000000000000003
2016-06-04,59,5.0,0.05,2.95
2016-06-05,56,5.0,0.05,2.8000000000000003
2016-06-06,57,5.0,0.05,2.85
2016-06-07,56,5.0,0.05,2.8000000000000003
2016-06-08,52,5.0,0.05,2.6
2016-06-09,54,5.0,0.05,2.7
2016-06-10,49,5.0,0.05,2.45
2016-06-11,51,5.0,0.05,2.5500000000000003
2016-06-12,75,5.0,0.05,3.75
2016-06-13,90,5.0,0.05,4.5
2016-06-14,76,5.0,0.05,3.8000000000000003
2016-06-15,69,5.0,0.05,3.45
2016-06-16,89,5.0,0.05,4.45
2016-06-17,89,5.0,0.05,4.45
2016-06-18,73,5.0,0.05,3.6500000000000004
2016-06-19,63,5.0,0.05,3.1500000000000004
2016-06-20,70,5.0,0.05,3.5
2016-06-21,81,5.0,0.05,4.05
2016-06-22,69,5.0,0.05,3.45
2016-06-23,76,5.0,0.05,3.8000000000000003
2016-06-24,100,5.0,0.05,5.0
2016-06-25,75,5.0,0.05,3.75
2016-06-26,63,5.0,0.05,3.1500000000000004
2016-06-27,64,5.0,0.05,3.2
2016-06-28,64,5.0,0.05,3.2
2016-06-29,57,5.0,0.05,2.85
2016-06-30,59,5.0,0.05,2.95
2016-07-01,79,3.0,0.03,2.37
2016-07-02,68,3.0,0.03,2.04
2016-07-03,74,3.0,0.03,2.2199999999999998
2016-07-04,73,3.0,0.03,2.19
2016-07-05,67,3.0,0.03,2.01
2016-07-06,72,3.0,0.03,2.16
2016-07-07,76,3.0,0.03,2.28
2016-07-08,72,3.0,0.03,2.16
2016-07-09,100,3.0,0.03,3.0
2016-07-10,76,3.0,0.03,2.28
2016-07-11,69,3.0,0.03,2.07
2016-07-12,69,3.0,0.03,2.07
2016-07-13,63,3.0,0.03,1.89
2016-07-14,62,3.0,0.03,1.8599999999999999
2016-07-15,62,3.0,0.03,1.8599999999999999
2016-07-16,58,3.0,0.03,1.74
2016-07-17,59,3.0,0.03,1.77
2016-07-18,61,3.0,0.03,1.8299999999999998
2016-07-19,59,3.0,0.03,1.77
2016-07-20,58,3.0,0.03,1.74
2016-07-21,61,3.0,0.03,1.8299999999999998
2016-07-22,53,3.0,0.03,1.5899999999999999
2016-07-23,53,3.0,0.03,1.5899999999999999
2016-07-24,55,3.0,0.03,1.65
2016-07-25,52,3.0,0.03,1.56
2016-07-26,60,3.0,0.03,1.7999999999999998
2016-07-27,63,3.0,0.03,1.89
2016-07-28,57,3.0,0.03,1.71
2016-07-29,50,3.0,0.03,1.5
2016-07-30,56,3.0,0.03,1.68
2016-07-31,59,3.0,0.03,1.77
2016-08-01,47,3.0,0.03,1.41
2016-08-02,58,3.0,0.03,1.74
2016-08-03,100,3.0,0.03,3.0
2016-08-04,65,3.0,0.03,1.95
2016-08-05,49,3.0,0.03,1.47
2016-08-06,46,3.0,0.03,1.38
2016-08-07,50,3.0,0.03,1.5
2016-08-08,50,3.0,0.03,1.5
2016-08-09,48,3.0,0.03,1.44
2016-08-10,43,3.0,0.03,1.29
2016-08-11,38,3.0,0.03,1.14
2016-08-12,39,3.0,0.03,1.17
2016-08-13,40,3.0,0.03,1.2
2016-08-14,39,3.0,0.03,1.17
2016-08-15,39,3.0,0.03,1.17
2016-08-16,41,3.0,0.03,1.23
2016-08-17,40,3.0,0.03,1.2
2016-08-18,39,3.0,0.03,1.17
2016-08-19,41,3.0,0.03,1.23
2016-08-20,37,3.0,0.03,1.1099999999999999
2016-08-21,39,3.0,0.03,1.17
2016-08-22,40,3.0,0.03,1.2
2016-08-23,44,3.0,0.03,1.3199999999999998
2016-08-24,44,3.0,0.03,1.3199999999999998
2016-08-25,43,3.0,0.03,1.29
2016-08-26,43,3.0,0.03,1.29
2016-08-27,38,3.0,0.03,1.14
2016-08-28,37,3.0,0.03,1.1099999999999999
2016-08-29,41,3.0,0.03,1.23
2016-08-30,40,3.0,0.03,1.2
2016-08-31,42,3.0,0.03,1.26
2016-09-01,92,3.0,0.03,2.76
2016-09-02,81,3.0,0.03,2.4299999999999997
2016-09-03,84,3.0,0.03,2.52
2016-09-04,98,3.0,0.03,2.94
2016-09-05,94,3.0,0.03,2.82
2016-09-06,91,3.0,0.03,2.73
2016-09-07,91,3.0,0.03,2.73
2016-09-08,97,3.0,0.03,2.9099999999999997
2016-09-09,95,3.0,0.03,2.85
2016-09-10,89,3.0,0.03,2.67
2016-09-11,86,3.0,0.03,2.58
2016-09-12,100,3.0,0.03,3.0
2016-09-13,96,3.0,0.03,2.88
2016-09-14,92,3.0,0.03,2.76
2016-09-15,96,3.0,0.03,2.88
2016-09-16,92,3.0,0.03,2.76
2016-09-17,84,3.0,0.03,2.52
2016-09-18,80,3.0,0.03,2.4
2016-09-19,87,3.0,0.03,2.61
2016-09-20,89,3.0,0.03,2.67
2016-09-21,96,3.0,0.03,2.88
2016-09-22,97,3.0,0.03,2.9099999999999997
2016-09-23,88,3.0,0.03,2.6399999999999997
2016-09-24,92,3.0,0.03,2.76
2016-09-25,81,3.0,0.03,2.4299999999999997
2016-09-26,88,3.0,0.03,2.6399999999999997
2016-09-27,87,3.0,0.03,2.61
2016-09-28,84,3.0,0.03,2.52
2016-09-29,86,3.0,0.03,2.58
2016-09-30,84,3.0,0.03,2.52
2016-10-01,64,3.0,0.03,1.92
2016-10-02,61,3.0,0.03,1.8299999999999998
2016-10-03,68,3.0,0.03,2.04
2016-10-04,67,3.0,0.03,2.01
2016-10-05,67,3.0,0.03,2.01
2016-10-06,69,3.0,0.03,2.07
2016-10-07,71,3.0,0.03,2.13
2016-10-08,63,3.0,0.03,1.89
2016-10-09,64,3.0,0.03,1.92
2016-10-10,68,3.0,0.03,2.04
2016-10-11,80,3.0,0.03,2.4
2016-10-12,77,3.0,0.03,2.31
2016-10-13,72,3.0,0.03,2.16
2016-10-14,75,3.0,0.03,2.25
2016-10-15,67,3.0,0.03,2.01
2016-10-16,75,3.0,0.03,2.25
2016-10-17,71,3.0,0.03,2.13
2016-10-18,70,3.0,0.03,2.1
2016-10-19,73,3.0,0.03,2.19
2016-10-20,67,3.0,0.03,2.01
2016-10-21,65,3.0,0.03,1.95
2016-10-22,68,3.0,0.03,2.04
2016-10-23,73,3.0,0.03,2.19
2016-10-24,74,3.0,0.03,2.2199999999999998
2016-10-25,72,3.0,0.03,2.16
2016-10-26,75,3.0,0.03,2.25
2016-10-27,81,3.0,0.03,2.4299999999999997
2016-10-28,85,3.0,0.03,2.55
2016-10-29,100,3.0,0.03,3.0
2016-10-30,88,3.0,0.03,2.6399999999999997
2016-10-31,85,3.0,0.03,2.55
2016-11-01,80,4.0,0.04,3.2
2016-11-02,73,4.0,0.04,2.92
2016-11-03,76,4.0,0.04,3.04
2016-11-04,72,4.0,0.04,2.88
2016-11-05,73,4.0,0.04,2.92
2016-11-06,69,4.0,0.04,2.7600000000000002
2016-11-07,66,4.0,0.04,2.64
2016-11-08,68,4.0,0.04,2.72
2016-11-09,100,4.0,0.04,4.0
2016-11-10,69,4.0,0.04,2.7600000000000002
2016-11-11,69,4.0,0.04,2.7600000000000002
2016-11-12,68,4.0,0.04,2.72
2016-11-13,68,4.0,0.04,2.72
2016-11-14,69,4.0,0.04,2.7600000000000002
2016-11-15,72,4.0,0.04,2.88
2016-11-16,76,4.0,0.04,3.04
2016-11-17,78,4.0,0.04,3.12
2016-11-18,80,4.0,0.04,3.2
2016-11-19,75,4.0,0.04,3.0
2016-11-20,71,4.0,0.04,2.84
2016-11-21,73,4.0,0.04,2.92
2016-11-22,74,4.0,0.04,2.96
2016-11-23,79,4.0,0.04,3.16
2016-11-24,78,4.0,0.04,3.12
2016-11-25,70,4.0,0.04,2.8000000000000003
2016-11-26,67,4.0,0.04,2.68
2016-11-27,71,4.0,0.04,2.84
2016-11-28,74,4.0,0.04,2.96
2016-11-29,77,4.0,0.04,3.08
2016-11-30,70,4.0,0.04,2.8000000000000003
2016-12-01,61,5.0,0.05,3.0500000000000003
2016-12-02,63,5.0,0.05,3.1500000000000004
2016-12-03,56,5.0,0.05,2.8000000000000003
2016-12-04,53,5.0,0.05,2.6500000000000004
2016-12-05,62,5.0,0.05,3.1
2016-12-06,56,5.0,0.05,2.8000000000000003
2016-12-07,59,5.0,0.05,2.95
2016-12-08,62,5.0,0.05,3.1
2016-12-09,58,5.0,0.05,2.9000000000000004
2016-12-10,54,5.0,0.05,2.7
2016-12-11,53,5.0,0.05,2.6500000000000004
2016-12-12,58,5.0,0.05,2.9000000000000004
2016-12-13,61,5.0,0.05,3.0500000000000003
2016-12-14,59,5.0,0.05,2.95
2016-12-15,55,5.0,0.05,2.75
2016-12-16,56,5.0,0.05,2.8000000000000003
2016-12-17,56,5.0,0.05,2.8000000000000003
2016-12-18,52,5.0,0.05,2.6
2016-12-19,59,5.0,0.05,2.95
2016-12-20,62,5.0,0.05,3.1
2016-12-21,74,5.0,0.05,3.7
2016-12-22,88,5.0,0.05,4.4
2016-12-23,99,5.0,0.05,4.95
2016-12-24,80,5.0,0.05,4.0
2016-12-25,79,5.0,0.05,3.95
2016-12-26,78,5.0,0.05,3.9000000000000004
2016-12-27,85,5.0,0.05,4.25
2016-12-28,100,5.0,0.05,5.0
2016-12-29,97,5.0,0.05,4.8500000000000005
2016-12-30,88,5.0,0.05,4.4
2016-12-31,70,5.0,0.05,3.5
2017-01-01,49,6.0,0.06,2.94
2017-01-02,83,6.0,0.06,4.9799999999999995
2017-01-03,73,6.0,0.06,4.38
2017-01-04,82,6.0,0.06,4.92
2017-01-05,100,6.0,0.06,6.0
2017-01-06,90,6.0,0.06,5.3999999999999995
2017-01-07,74,6.0,0.06,4.4399999999999995
2017-01-08,71,6.0,0.06,4.26
2017-01-09,66,6.0,0.06,3.96
2017-01-10,62,6.0,0.06,3.7199999999999998
2017-01-11,66,6.0,0.06,3.96
2017-01-12,71,6.0,0.06,4.26
2017-01-13,57,6.0,0.06,3.42
2017-01-14,56,6.0,0.06,3.36
2017-01-15,53,6.0,0.06,3.1799999999999997
2017-01-16,49,6.0,0.06,2.94
2017-01-17,54,6.0,0.06,3.2399999999999998
2017-01-18,52,6.0,0.06,3.12
2017-01-19,50,6.0,0.06,3.0
2017-01-20,47,6.0,0.06,2.82
2017-01-21,46,6.0,0.06,2.76
2017-01-22,45,6.0,0.06,2.6999999999999997
2017-01-23,48,6.0,0.06,2.88
2017-01-24,49,6.0,0.06,2.94
2017-01-25,45,6.0,0.06,2.6999999999999997
2017-01-26,44,6.0,0.06,2.6399999999999997
2017-01-27,44,6.0,0.06,2.6399999999999997
2017-01-28,43,6.0,0.06,2.58
2017-01-29,43,6.0,0.06,2.58
2017-01-30,46,6.0,0.06,2.76
2017-01-31,48,6.0,0.06,2.88
2017-02-01,72,6.0,0.06,4.32
2017-02-02,74,6.0,0.06,4.4399999999999995
2017-02-03,76,6.0,0.06,4.56
2017-02-04,71,6.0,0.06,4.26
2017-02-05,70,6.0,0.06,4.2
2017-02-06,71,6.0,0.06,4.26
2017-02-07,69,6.0,0.06,4.14
2017-02-08,75,6.0,0.06,4.5
2017-02-09,78,6.0,0.06,4.68
2017-02-10,75,6.0,0.06,4.5
2017-02-11,70,6.0,0.06,4.2
2017-02-12,65,6.0,0.06,3.9
2017-02-13,65,6.0,0.06,3.9
2017-02-14,67,6.0,0.06,4.02
2017-02-15,66,6.0,0.06,3.96
2017-02-16,71,6.0,0.06,4.26
2017-02-17,70,6.0,0.06,4.2
2017-02-18,67,6.0,0.06,4.02
2017-02-19,59,6.0,0.06,3.54
2017-02-20,67,6.0,0.06,4.02
2017-02-21,80,6.0,0.06,4.8
2017-02-22,78,6.0,0.06,4.68
2017-02-23,90,6.0,0.06,5.3999999999999995
2017-02-24,100,6.0,0.06,6.0
2017-02-25,83,6.0,0.06,4.9799999999999995
2017-02-26,76,6.0,0.06,4.56
2017-02-27,76,6.0,0.06,4.56
2017-02-28,81,6.0,0.06,4.859999999999999
2017-03-01,62,7.0,0.07,4.340000000000001
2017-03-02,79,7.0,0.07,5.53
2017-03-03,98,7.0,0.07,6.86
2017-03-04,81,7.0,0.07,5.670000000000001
2017-03-05,70,7.0,0.07,4.9
2017-03-06,62,7.0,0.07,4.340000000000001
2017-03-07,81,7.0,0.07,5.670000000000001
2017-03-08,73,7.0,0.07,5.11
2017-03-09,77,7.0,0.07,5.390000000000001
2017-03-10,100,7.0,0.07,7.000000000000001
2017-03-11,89,7.0,0.07,6.23
2017-03-12,69,7.0,0.07,4.83
2017-03-13,71,7.0,0.07,4.970000000000001
2017-03-14,67,7.0,0.07,4.69
2017-03-15,65,7.0,0.07,4.550000000000001
2017-03-16,64,7.0,0.07,4.48
2017-03-17,70,7.0,0.07,4.9
2017-03-18,86,7.0,0.07,6.0200000000000005
2017-03-19,74,7.0,0.07,5.180000000000001
2017-03-20,67,7.0,0.07,4.69
2017-03-21,67,7.0,0.07,4.69
2017-03-22,68,7.0,0.07,4.760000000000001
2017-03-23,64,7.0,0.07,4.48
2017-03-24,68,7.0,0.07,4.760000000000001
2017-03-25,70,7.0,0.07,4.9
2017-03-26,65,7.0,0.07,4.550000000000001
2017-03-27,63,7.0,0.07,4.41
2017-03-28,60,7.0,0.07,4.2
2017-03-29,61,7.0,0.07,4.2700000000000005
2017-03-30,57,7.0,0.07,3.99
2017-03-31,57,7.0,0.07,3.99
2017-04-01,85,6.0,0.06,5.1
2017-04-02,83,6.0,0.06,4.9799999999999995
2017-04-03,88,6.0,0.06,5.279999999999999
2017-04-04,90,6.0,0.06,5.3999999999999995
2017-04-05,83,6.0,0.06,4.9799999999999995
2017-04-06,86,6.0,0.06,5.16
2017-04-07,86,6.0,0.06,5.16
2017-04-08,82,6.0,0.06,4.92
2017-04-09,79,6.0,0.06,4.74
2017-04-10,83,6.0,0.06,4.9799999999999995
2017-04-11,91,6.0,0.06,5.46
2017-04-12,84,6.0,0.06,5.04
2017-04-13,86,6.0,0.06,5.16
2017-04-14,80,6.0,0.06,4.8
2017-04-15,78,6.0,0.06,4.68
2017-04-16,77,6.0,0.06,4.62
2017-04-17,81,6.0,0.06,4.859999999999999
2017-04-18,93,6.0,0.06,5.58
2017-04-19,84,6.0,0.06,5.04
2017-04-20,83,6.0,0.06,4.9799999999999995
2017-04-21,86,6.0,0.06,5.16
2017-04-22,83,6.0,0.06,4.9799999999999995
2017-04-23,74,6.0,0.06,4.4399999999999995
2017-04-24,81,6.0,0.06,4.859999999999999
2017-04-25,94,6.0,0.06,5.64
2017-04-26,97,6.0,0.06,5.819999999999999
2017-04-27,100,6.0,0.06,6.0
2017-04-28,98,6.0,0.06,5.88
2017-04-29,91,6.0,0.06,5.46
2017-04-30,92,6.0,0.06,5.52
2017-05-01,22,15.0,0.15,3.3
2017-05-02,24,15.0,0.15,3.5999999999999996
2017-05-03,27,15.0,0.15,4.05
2017-05-04,33,15.0,0.15,4.95
2017-05-05,29,15.0,0.15,4.35
2017-05-06,25,15.0,0.15,3.75
2017-05-07,24,15.0,0.15,3.5999999999999996
2017-05-08,27,15.0,0.15,4.05
2017-05-09,33,15.0,0.15,4.95
2017-05-10,31,15.0,0.15,4.6499999999999995
2017-05-11,35,15.0,0.15,5.25
2017-05-12,40,15.0,0.15,6.0
2017-05-13,39,15.0,0.15,5.85
2017-05-14,36,15.0,0.15,5.3999999999999995
2017-05-15,50,15.0,0.15,7.5
2017-05-16,43,15.0,0.15,6.45
2017-05-17,34,15.0,0.15,5.1
2017-05-18,33,15.0,0.15,4.95
2017-05-19,37,15.0,0.15,5.55
2017-05-20,37,15.0,0.15,5.55
2017-05-21,38,15.0,0.15,5.7
2017-05-22,64,15.0,0.15,9.6
2017-05-23,66,15.0,0.15,9.9
2017-05-24,75,15.0,0.15,11.25
2017-05-25,100,15.0,0.15,15.0
2017-05-26,83,15.0,0.15,12.45
2017-05-27,67,15.0,0.15,10.049999999999999
2017-05-28,47,15.0,0.15,7.05
2017-05-29,45,15.0,0.15,6.75
2017-05-30,45,15.0,0.15,6.75
2017-05-31,45,15.0,0.15,6.75
2017-06-01,76,15.0,0.15,11.4
2017-06-02,65,15.0,0.15,9.75
2017-06-03,67,15.0,0.15,10.049999999999999
2017-06-04,58,15.0,0.15,8.7
2017-06-05,68,15.0,0.15,10.2
2017-06-06,100,15.0,0.15,15.0
2017-06-07,86,15.0,0.15,12.9
2017-06-08,74,15.0,0.15,11.1
2017-06-09,72,15.0,0.15,10.799999999999999
2017-06-10,70,15.0,0.15,10.5
2017-06-11,70,15.0,0.15,10.5
2017-06-12,97,15.0,0.15,14.549999999999999
2017-06-13,87,15.0,0.15,13.049999999999999
2017-06-14,78,15.0,0.15,11.7
2017-06-15,99,15.0,0.15,14.85
2017-06-16,77,15.0,0.15,11.549999999999999
2017-06-17,62,15.0,0.15,9.299999999999999
2017-06-18,64,15.0,0.15,9.6
2017-06-19,61,15.0,0.15,9.15
2017-06-20,67,15.0,0.15,10.049999999999999
2017-06-21,71,15.0,0.15,10.65
2017-06-22,65,15.0,0.15,9.75
2017-06-23,65,15.0,0.15,9.75
2017-06-24,56,15.0,0.15,8.4
2017-06-25,61,15.0,0.15,9.15
2017-06-26,73,15.0,0.15,10.95
2017-06-27,85,15.0,0.15,12.75
2017-06-28,79,15.0,0.15,11.85
2017-06-29,66,15.0,0.15,9.9
2017-06-30,62,15.0,0.15,9.299999999999999
2017-07-01,74,13.0,0.13,9.620000000000001
2017-07-02,75,13.0,0.13,9.75
2017-07-03,78,13.0,0.13,10.14
2017-07-04,78,13.0,0.13,10.14
2017-07-05,71,13.0,0.13,9.23
2017-07-06,73,13.0,0.13,9.49
2017-07-07,76,13.0,0.13,9.88
2017-07-08,77,13.0,0.13,10.01
2017-07-09,74,13.0,0.13,9.620000000000001
2017-07-10,80,13.0,0.13,10.4
2017-07-11,87,13.0,0.13,11.31
2017-07-12,91,13.0,0.13,11.83
2017-07-13,80,13.0,0.13,10.4
2017-07-14,82,13.0,0.13,10.66
2017-07-15,88,13.0,0.13,11.440000000000001
2017-07-16,98,13.0,0.13,12.74
2017-07-17,86,13.0,0.13,11.18
2017-07-18,95,13.0,0.13,12.35
2017-07-19,93,13.0,0.13,12.09
2017-07-20,94,13.0,0.13,12.22
2017-07-21,95,13.0,0.13,12.35
2017-07-22,82,13.0,0.13,10.66
2017-07-23,80,13.0,0.13,10.4
2017-07-24,82,13.0,0.13,10.66
2017-07-25,90,13.0,0.13,11.700000000000001
2017-07-26,86,13.0,0.13,11.18
2017-07-27,81,13.0,0.13,10.530000000000001
2017-07-28,91,13.0,0.13,11.83
2017-07-29,83,13.0,0.13,10.790000000000001
2017-07-30,81,13.0,0.13,10.530000000000001
2017-07-31,100,13.0,0.13,13.0
2017-08-01,92,21.0,0.21,19.32
2017-08-02,79,21.0,0.21,16.59
2017-08-03,52,21.0,0.21,10.92
2017-08-04,49,21.0,0.21,10.29
2017-08-05,63,21.0,0.21,13.229999999999999
2017-08-06,52,21.0,0.21,10.92
2017-08-07,61,21.0,0.21,12.809999999999999
2017-08-08,67,21.0,0.21,14.07
2017-08-09,56,21.0,0.21,11.76
2017-08-10,51,21.0,0.21,10.709999999999999
2017-08-11,57,21.0,0.21,11.969999999999999
2017-08-12,64,21.0,0.21,13.44
2017-08-13,82,21.0,0.21,17.22
2017-08-14,100,21.0,0.21,21.0
2017-08-15,95,21.0,0.21,19.95
2017-08-16,78,21.0,0.21,16.38
2017-08-17,81,21.0,0.21,17.009999999999998
2017-08-18,75,21.0,0.21,15.75
2017-08-19,72,21.0,0.21,15.12
2017-08-20,68,21.0,0.21,14.28
2017-08-21,66,21.0,0.21,13.86
2017-08-22,72,21.0,0.21,15.12
2017-08-23,70,21.0,0.21,14.7
2017-08-24,62,21.0,0.21,13.02
2017-08-25,67,21.0,0.21,14.07
2017-08-26,55,21.0,0.21,11.549999999999999
2017-08-27,51,21.0,0.21,10.709999999999999
2017-08-28,57,21.0,0.21,11.969999999999999
2017-08-29,69,21.0,0.21,14.49
2017-08-30,70,21.0,0.21,14.7
2017-08-31,78,21.0,0.21,16.38
2017-09-01,65,21.0,0.21,13.65
2017-09-02,64,21.0,0.21,13.44
2017-09-03,57,21.0,0.21,11.969999999999999
2017-09-04,67,21.0,0.21,14.07
2017-09-05,68,21.0,0.21,14.28
2017-09-06,59,21.0,0.21,12.389999999999999
2017-09-07,52,21.0,0.21,10.92
2017-09-08,55,21.0,0.21,11.549999999999999
2017-09-09,48,21.0,0.21,10.08
2017-09-10,46,21.0,0.21,9.66
2017-09-11,53,21.0,0.21,11.129999999999999
2017-09-12,54,21.0,0.21,11.34
2017-09-13,74,21.0,0.21,15.54
2017-09-14,89,21.0,0.21,18.689999999999998
2017-09-15,100,21.0,0.21,21.0
2017-09-16,66,21.0,0.21,13.86
2017-09-17,51,21.0,0.21,10.709999999999999
2017-09-18,61,21.0,0.21,12.809999999999999
2017-09-19,59,21.0,0.21,12.389999999999999
2017-09-20,50,21.0,0.21,10.5
2017-09-21,49,21.0,0.21,10.29
2017-09-22,46,21.0,0.21,9.66
2017-09-23,36,21.0,0.21,7.56
2017-09-24,33,21.0,0.21,6.93
2017-09-25,40,21.0,0.21,8.4
2017-09-26,40,21.0,0.21,8.4
2017-09-27,41,21.0,0.21,8.61
2017-09-28,41,21.0,0.21,8.61
2017-09-29,37,21.0,0.21,7.77
2017-09-30,38,21.0,0.21,7.9799999999999995
2017-10-01,37,23.0,0.23,8.51
2017-10-02,43,23.0,0.23,9.89
2017-10-03,41,23.0,0.23,9.43
2017-10-04,42,23.0,0.23,9.66
2017-10-05,37,23.0,0.23,8.51
2017-10-06,37,23.0,0.23,8.51
2017-10-07,33,23.0,0.23,7.590000000000001
2017-10-08,38,23.0,0.23,8.74
2017-10-09,50,23.0,0.23,11.5
2017-10-10,55,23.0,0.23,12.65
2017-10-11,47,23.0,0.23,10.81
2017-10-12,89,23.0,0.23,20.470000000000002
2017-10-13,100,23.0,0.23,23.0
2017-10-14,68,23.0,0.23,15.64
2017-10-15,62,23.0,0.23,14.26
2017-10-16,65,23.0,0.23,14.950000000000001
2017-10-17,62,23.0,0.23,14.26
2017-10-18,65,23.0,0.23,14.950000000000001
2017-10-19,60,23.0,0.23,13.8
2017-10-20,73,23.0,0.23,16.79
2017-10-21,79,23.0,0.23,18.17
2017-10-22,63,23.0,0.23,14.49
2017-10-23,75,23.0,0.23,17.25
2017-10-24,82,23.0,0.23,18.86
2017-10-25,74,23.0,0.23,17.02
2017-10-26,68,23.0,0.23,15.64
2017-10-27,64,23.0,0.23,14.72
2017-10-28,50,23.0,0.23,11.5
2017-10-29,57,23.0,0.23,13.110000000000001
2017-10-30,68,23.0,0.23,15.64
2017-10-31,80,23.0,0.23,18.400000000000002
2017-11-01,27,44.0,0.44,11.88
2017-11-02,39,44.0,0.44,17.16
2017-11-03,35,44.0,0.44,15.4
2017-11-04,27,44.0,0.44,11.88
2017-11-05,26,44.0,0.44,11.44
2017-11-06,27,44.0,0.44,11.88
2017-11-07,26,44.0,0.44,11.44
2017-11-08,29,44.0,0.44,12.76
2017-11-09,26,44.0,0.44,11.44
2017-11-10,34,44.0,0.44,14.96
2017-11-11,31,44.0,0.44,13.64
2017-11-12,40,44.0,0.44,17.6
2017-11-13,35,44.0,0.44,15.4
2017-11-14,27,44.0,0.44,11.88
2017-11-15,27,44.0,0.44,11.88
2017-11-16,28,44.0,0.44,12.32
2017-11-17,32,44.0,0.44,14.08
2017-11-18,24,44.0,0.44,10.56
2017-11-19,23,44.0,0.44,10.12
2017-11-20,30,44.0,0.44,13.2
2017-11-21,32,44.0,0.44,14.08
2017-11-22,27,44.0,0.44,11.88
2017-11-23,25,44.0,0.44,11.0
2017-11-24,25,44.0,0.44,11.0
2017-11-25,26,44.0,0.44,11.44
2017-11-26,37,44.0,0.44,16.28
2017-11-27,49,44.0,0.44,21.56
2017-11-28,63,44.0,0.44,27.72
2017-11-29,100,44.0,0.44,44.0
2017-11-30,80,44.0,0.44,35.2
2017-12-01,39,100.0,1.0,39.0
2017-12-02,31,100.0,1.0,31.0
2017-12-03,30,100.0,1.0,30.0
2017-12-04,35,100.0,1.0,35.0
2017-12-05,35,100.0,1.0,35.0
2017-12-06,49,100.0,1.0,49.0
2017-12-07,100,100.0,1.0,100.0
2017-12-08,94,100.0,1.0,94.0
2017-12-09,57,100.0,1.0,57.0
2017-12-10,55,100.0,1.0,55.0
2017-12-11,65,100.0,1.0,65.0
2017-12-12,62,100.0,1.0,62.0
2017-12-13,57,100.0,1.0,57.0
2017-12-14,46,100.0,1.0,46.0
2017-12-15,44,100.0,1.0,44.0
2017-12-16,45,100.0,1.0,45.0
2017-12-17,48,100.0,1.0,48.0
2017-12-18,49,100.0,1.0,49.0
2017-12-19,50,100.0,1.0,50.0
2017-12-20,70,100.0,1.0,70.0
2017-12-21,54,100.0,1.0,54.0
2017-12-22,98,100.0,1.0,98.0
2017-12-23,63,100.0,1.0,63.0
2017-12-24,45,100.0,1.0,45.0
2017-12-25,43,100.0,1.0,43.0
2017-12-26,41,100.0,1.0,41.0
2017-12-27,40,100.0,1.0,40.0
2017-12-28,39,100.0,1.0,39.0
2017-12-29,35,100.0,1.0,35.0
2017-12-30,36,100.0,1.0,36.0
2017-12-31,27,100.0,1.0,27.0
2018-01-01,44,56.0,0.56,24.64
2018-01-02,55,56.0,0.56,30.800000000000004
2018-01-03,55,56.0,0.56,30.800000000000004
2018-01-04,50,56.0,0.56,28.000000000000004
2018-01-05,51,56.0,0.56,28.560000000000002
2018-01-06,48,56.0,0.56,26.880000000000003
2018-01-07,45,56.0,0.56,25.200000000000003
2018-01-08,53,56.0,0.56,29.680000000000003
2018-01-09,51,56.0,0.56,28.560000000000002
2018-01-10,49,56.0,0.56,27.44
2018-01-11,58,56.0,0.56,32.480000000000004
2018-01-12,47,56.0,0.56,26.320000000000004
2018-01-13,43,56.0,0.56,24.080000000000002
2018-01-14,35,56.0,0.56,19.6
2018-01-15,36,56.0,0.56,20.160000000000004
2018-01-16,78,56.0,0.56,43.68000000000001
2018-01-17,100,56.0,0.56,56.00000000000001
2018-01-18,70,56.0,0.56,39.2
2018-01-19,48,56.0,0.56,26.880000000000003
2018-01-20,41,56.0,0.56,22.96
2018-01-21,39,56.0,0.56,21.840000000000003
2018-01-22,46,56.0,0.56,25.76
2018-01-23,43,56.0,0.56,24.080000000000002
2018-01-24,40,56.0,0.56,22.400000000000002
2018-01-25,40,56.0,0.56,22.400000000000002
2018-01-26,40,56.0,0.56,22.400000000000002
2018-01-27,32,56.0,0.56,17.92
2018-01-28,30,56.0,0.56,16.8
2018-01-29,31,56.0,0.56,17.360000000000003
2018-01-30,36,56.0,0.56,20.160000000000004
2018-01-31,38,56.0,0.56,21.28
2018-02-01,58,41.0,0.41,23.779999999999998
2018-02-02,82,41.0,0.41,33.62
2018-02-03,50,41.0,0.41,20.5
2018-02-04,43,41.0,0.41,17.63
2018-02-05,77,41.0,0.41,31.569999999999997
2018-02-06,100,41.0,0.41,41.0
2018-02-07,63,41.0,0.41,25.83
2018-02-08,52,41.0,0.41,21.32
2018-02-09,47,41.0,0.41,19.27
2018-02-10,37,41.0,0.41,15.17
2018-02-11,35,41.0,0.41,14.35
2018-02-12,38,41.0,0.41,15.579999999999998
2018-02-13,35,41.0,0.41,14.35
2018-02-14,35,41.0,0.41,14.35
2018-02-15,38,41.0,0.41,15.579999999999998
2018-02-16,34,41.0,0.41,13.94
2018-02-17,31,41.0,0.41,12.709999999999999
2018-02-18,34,41.0,0.41,13.94
2018-02-19,30,41.0,0.41,12.299999999999999
2018-02-20,35,41.0,0.41,14.35
2018-02-21,37,41.0,0.41,15.17
2018-02-22,32,41.0,0.41,13.12
2018-02-23,30,41.0,0.41,12.299999999999999
2018-02-24,25,41.0,0.41,10.25
2018-02-25,23,41.0,0.41,9.43
2018-02-26,26,41.0,0.41,10.66
2018-02-27,28,41.0,0.41,11.479999999999999
2018-02-28,24,41.0,0.41,9.84
2018-03-01,79,23.0,0.23,18.17
2018-03-02,81,23.0,0.23,18.630000000000003
2018-03-03,74,23.0,0.23,17.02
2018-03-04,65,23.0,0.23,14.950000000000001
2018-03-05,79,23.0,0.23,18.17
2018-03-06,81,23.0,0.23,18.630000000000003
2018-03-07,86,23.0,0.23,19.78
2018-03-08,89,23.0,0.23,20.470000000000002
2018-03-09,100,23.0,0.23,23.0
2018-03-10,71,23.0,0.23,16.330000000000002
2018-03-11,70,23.0,0.23,16.1
2018-03-12,81,23.0,0.23,18.630000000000003
2018-03-13,73,23.0,0.23,16.79
2018-03-14,87,23.0,0.23,20.01
2018-03-15,98,23.0,0.23,22.540000000000003
2018-03-16,82,23.0,0.23,18.86
2018-03-17,70,23.0,0.23,16.1
2018-03-18,89,23.0,0.23,20.470000000000002
2018-03-19,87,23.0,0.23,20.01
2018-03-20,78,23.0,0.23,17.94
2018-03-21,75,23.0,0.23,17.25
2018-03-22,75,23.0,0.23,17.25
2018-03-23,72,23.0,0.23,16.560000000000002
2018-03-24,58,23.0,0.23,13.34
2018-03-25,59,23.0,0.23,13.57
2018-03-26,82,23.0,0.23,18.86
2018-03-27,74,23.0,0.23,17.02
2018-03-28,66,23.0,0.23,15.180000000000001
2018-03-29,81,23.0,0.23,18.630000000000003
2018-03-30,92,23.0,0.23,21.16
2018-03-31,65,23.0,0.23,14.950000000000001
2018-04-01,92,19.0,0.19,17.48
2018-04-02,97,19.0,0.19,18.43
2018-04-03,94,19.0,0.19,17.86
2018-04-04,89,19.0,0.19,16.91
2018-04-05,93,19.0,0.19,17.67
2018-04-06,98,19.0,0.19,18.62
2018-04-07,75,19.0,0.19,14.25
2018-04-08,69,19.0,0.19,13.11
2018-04-09,85,19.0,0.19,16.15
2018-04-10,82,19.0,0.19,15.58
2018-04-11,77,19.0,0.19,14.63
2018-04-12,90,19.0,0.19,17.1
2018-04-13,100,19.0,0.19,19.0
2018-04-14,69,19.0,0.19,13.11
2018-04-15,64,19.0,0.19,12.16
2018-04-16,79,19.0,0.19,15.01
2018-04-17,79,19.0,0.19,15.01
2018-04-18,76,19.0,0.19,14.44
2018-04-19,77,19.0,0.19,14.63
2018-04-20,78,19.0,0.19,14.82
2018-04-21,69,19.0,0.19,13.11
2018-04-22,67,19.0,0.19,12.73
2018-04-23,79,19.0,0.19,15.01
2018-04-24,92,19.0,0.19,17.48
2018-04-25,82,19.0,0.19,15.58
2018-04-26,73,19.0,0.19,13.870000000000001
2018-04-27,66,19.0,0.19,12.540000000000001
2018-04-28,56,19.0,0.19,10.64
2018-04-29,59,19.0,0.19,11.21
2018-04-30,62,19.0,0.19,11.78
2018-05-01,78,15.0,0.15,11.7
2018-05-02,79,15.0,0.15,11.85
2018-05-03,91,15.0,0.15,13.65
2018-05-04,85,15.0,0.15,12.75
2018-05-05,81,15.0,0.15,12.15
2018-05-06,76,15.0,0.15,11.4
2018-05-07,85,15.0,0.15,12.75
2018-05-08,82,15.0,0.15,12.299999999999999
2018-05-09,80,15.0,0.15,12.0
2018-05-10,76,15.0,0.15,11.4
2018-05-11,100,15.0,0.15,15.0
2018-05-12,72,15.0,0.15,10.799999999999999
2018-05-13,64,15.0,0.15,9.6
2018-05-14,82,15.0,0.15,12.299999999999999
2018-05-15,78,15.0,0.15,11.7
2018-05-16,79,15.0,0.15,11.85
2018-05-17,73,15.0,0.15,10.95
2018-05-18,72,15.0,0.15,10.799999999999999
2018-05-19,60,15.0,0.15,9.0
2018-05-20,63,15.0,0.15,9.45
2018-05-21,68,15.0,0.15,10.2
2018-05-22,75,15.0,0.15,11.25
2018-05-23,90,15.0,0.15,13.5
2018-05-24,89,15.0,0.15,13.35
2018-05-25,71,15.0,0.15,10.65
2018-05-26,57,15.0,0.15,8.549999999999999
2018-05-27,68,15.0,0.15,10.2
2018-05-28,66,15.0,0.15,9.9
2018-05-29,74,15.0,0.15,11.1
2018-05-30,65,15.0,0.15,9.75
2018-05-31,65,15.0,0.15,9.75
2018-06-01,57,13.0,0.13,7.41
2018-06-02,57,13.0,0.13,7.41
2018-06-03,55,13.0,0.13,7.15
2018-06-04,57,13.0,0.13,7.41
2018-06-05,53,13.0,0.13,6.890000000000001
2018-06-06,55,13.0,0.13,7.15
2018-06-07,57,13.0,0.13,7.41
2018-06-08,55,13.0,0.13,7.15
2018-06-09,52,13.0,0.13,6.76
2018-06-10,69,13.0,0.13,8.97
2018-06-11,100,13.0,0.13,13.0
2018-06-12,80,13.0,0.13,10.4
2018-06-13,88,13.0,0.13,11.440000000000001
2018-06-14,78,13.0,0.13,10.14
2018-06-15,64,13.0,0.13,8.32
2018-06-16,56,13.0,0.13,7.28
2018-06-17,54,13.0,0.13,7.0200000000000005
2018-06-18,63,13.0,0.13,8.19
2018-06-19,60,13.0,0.13,7.800000000000001
2018-06-20,61,13.0,0.13,7.930000000000001
2018-06-21,56,13.0,0.13,7.28
2018-06-22,70,13.0,0.13,9.1
2018-06-23,62,13.0,0.13,8.06
2018-06-24,71,13.0,0.13,9.23
2018-06-25,66,13.0,0.13,8.58
2018-06-26,60,13.0,0.13,7.800000000000001
2018-06-27,63,13.0,0.13,8.19
2018-06-28,57,13.0,0.13,7.41
2018-06-29,74,13.0,0.13,9.620000000000001
2018-06-30,61,13.0,0.13,7.930000000000001
2018-07-01,57,13.0,0.13,7.41
2018-07-02,61,13.0,0.13,7.930000000000001
2018-07-03,63,13.0,0.13,8.19
2018-07-04,59,13.0,0.13,7.67
2018-07-05,60,13.0,0.13,7.800000000000001
2018-07-06,54,13.0,0.13,7.0200000000000005
2018-07-07,46,13.0,0.13,5.98
2018-07-08,54,13.0,0.13,7.0200000000000005
2018-07-09,56,13.0,0.13,7.28
2018-07-10,56,13.0,0.13,7.28
2018-07-11,53,13.0,0.13,6.890000000000001
2018-07-12,59,13.0,0.13,7.67
2018-07-13,58,13.0,0.13,7.54
2018-07-14,50,13.0,0.13,6.5
2018-07-15,51,13.0,0.13,6.63
2018-07-16,59,13.0,0.13,7.67
2018-07-17,78,13.0,0.13,10.14
2018-07-18,88,13.0,0.13,11.440000000000001
2018-07-19,70,13.0,0.13,9.1
2018-07-20,65,13.0,0.13,8.450000000000001
2018-07-21,58,13.0,0.13,7.54
2018-07-22,57,13.0,0.13,7.41
2018-07-23,66,13.0,0.13,8.58
2018-07-24,100,13.0,0.13,13.0
2018-07-25,79,13.0,0.13,10.27
2018-07-26,70,13.0,0.13,9.1
2018-07-27,72,13.0,0.13,9.36
2018-07-28,60,13.0,0.13,7.800000000000001
2018-07-29,60,13.0,0.13,7.800000000000001
2018-07-30,69,13.0,0.13,8.97
2018-07-31,67,13.0,0.13,8.71
2018-08-01,73,13.0,0.13,9.49
2018-08-02,67,13.0,0.13,8.71
2018-08-03,73,13.0,0.13,9.49
2018-08-04,67,13.0,0.13,8.71
2018-08-05,65,13.0,0.13,8.450000000000001
2018-08-06,65,13.0,0.13,8.450000000000001
2018-08-07,72,13.0,0.13,9.36
2018-08-08,95,13.0,0.13,12.35
2018-08-09,80,13.0,0.13,10.4
2018-08-10,74,13.0,0.13,9.620000000000001
2018-08-11,74,13.0,0.13,9.620000000000001
2018-08-12,65,13.0,0.13,8.450000000000001
2018-08-13,78,13.0,0.13,10.14
2018-08-14,100,13.0,0.13,13.0
2018-08-15,82,13.0,0.13,10.66
2018-08-16,72,13.0,0.13,9.36
2018-08-17,68,13.0,0.13,8.84
2018-08-18,63,13.0,0.13,8.19
2018-08-19,59,13.0,0.13,7.67
2018-08-20,64,13.0,0.13,8.32
2018-08-21,69,13.0,0.13,8.97
2018-08-22,75,13.0,0.13,9.75
2018-08-23,65,13.0,0.13,8.450000000000001
2018-08-24,70,13.0,0.13,9.1
2018-08-25,66,13.0,0.13,8.58
2018-08-26,60,13.0,0.13,7.800000000000001
2018-08-27,60,13.0,0.13,7.800000000000001
2018-08-28,77,13.0,0.13,10.01
2018-08-29,74,13.0,0.13,9.620000000000001
2018-08-30,66,13.0,0.13,8.58
2018-08-31,66,13.0,0.13,8.58
2018-09-01,61,11.0,0.11,6.71
2018-09-02,57,11.0,0.11,6.2700000000000005
2018-09-03,62,11.0,0.11,6.82
2018-09-04,61,11.0,0.11,6.71
2018-09-05,81,11.0,0.11,8.91
2018-09-06,100,11.0,0.11,11.0
2018-09-07,69,11.0,0.11,7.59
2018-09-08,60,11.0,0.11,6.6
2018-09-09,57,11.0,0.11,6.2700000000000005
2018-09-10,59,11.0,0.11,6.49
2018-09-11,64,11.0,0.11,7.04
2018-09-12,71,11.0,0.11,7.81
2018-09-13,68,11.0,0.11,7.48
2018-09-14,61,11.0,0.11,6.71
2018-09-15,52,11.0,0.11,5.72
2018-09-16,53,11.0,0.11,5.83
2018-09-17,57,11.0,0.11,6.2700000000000005
2018-09-18,54,11.0,0.11,5.94
2018-09-19,57,11.0,0.11,6.2700000000000005
2018-09-20,56,11.0,0.11,6.16
2018-09-21,62,11.0,0.11,6.82
2018-09-22,49,11.0,0.11,5.39
2018-09-23,53,11.0,0.11,5.83
2018-09-24,60,11.0,0.11,6.6
2018-09-25,54,11.0,0.11,5.94
2018-09-26,58,11.0,0.11,6.38
2018-09-27,50,11.0,0.11,5.5
2018-09-28,52,11.0,0.11,5.72
2018-09-29,50,11.0,0.11,5.5
2018-09-30,50,11.0,0.11,5.5
2018-10-01,74,10.0,0.1,7.4
2018-10-02,77,10.0,0.1,7.7
2018-10-03,82,10.0,0.1,8.200000000000001
2018-10-04,83,10.0,0.1,8.3
2018-10-05,75,10.0,0.1,7.5
2018-10-06,70,10.0,0.1,7.0
2018-10-07,65,10.0,0.1,6.5
2018-10-08,78,10.0,0.1,7.800000000000001
2018-10-09,78,10.0,0.1,7.800000000000001
2018-10-10,81,10.0,0.1,8.1
2018-10-11,100,10.0,0.1,10.0
2018-10-12,86,10.0,0.1,8.6
2018-10-13,74,10.0,0.1,7.4
2018-10-14,74,10.0,0.1,7.4
2018-10-15,94,10.0,0.1,9.4
2018-10-16,84,10.0,0.1,8.4
2018-10-17,83,10.0,0.1,8.3
2018-10-18,90,10.0,0.1,9.0
2018-10-19,74,10.0,0.1,7.4
2018-10-20,73,10.0,0.1,7.300000000000001
2018-10-21,68,10.0,0.1,6.800000000000001
2018-10-22,70,10.0,0.1,7.0
2018-10-23,75,10.0,0.1,7.5
2018-10-24,76,10.0,0.1,7.6000000000000005
2018-10-25,77,10.0,0.1,7.7
2018-10-26,74,10.0,0.1,7.4
2018-10-27,71,10.0,0.1,7.1000000000000005
2018-10-28,66,10.0,0.1,6.6000000000000005
2018-10-29,77,10.0,0.1,7.7
2018-10-30,78,10.0,0.1,7.800000000000001
2018-10-31,83,10.0,0.1,8.3
2018-11-01,39,14.0,0.14,5.460000000000001
2018-11-02,33,14.0,0.14,4.62
2018-11-03,31,14.0,0.14,4.340000000000001
2018-11-04,38,14.0,0.14,5.32
2018-11-05,39,14.0,0.14,5.460000000000001
2018-11-06,40,14.0,0.14,5.6000000000000005
2018-11-07,36,14.0,0.14,5.040000000000001
2018-11-08,40,14.0,0.14,5.6000000000000005
2018-11-09,35,14.0,0.14,4.9
2018-11-10,34,14.0,0.14,4.760000000000001
2018-11-11,30,14.0,0.14,4.2
2018-11-12,38,14.0,0.14,5.32
2018-11-13,36,14.0,0.14,5.040000000000001
2018-11-14,58,14.0,0.14,8.120000000000001
2018-11-15,69,14.0,0.14,9.66
2018-11-16,48,14.0,0.14,6.720000000000001
2018-11-17,44,14.0,0.14,6.16
2018-11-18,41,14.0,0.14,5.74
2018-11-19,71,14.0,0.14,9.940000000000001
2018-11-20,100,14.0,0.14,14.000000000000002
2018-11-21,78,14.0,0.14,10.920000000000002
2018-11-22,54,14.0,0.14,7.5600000000000005
2018-11-23,62,14.0,0.14,8.680000000000001
2018-11-24,51,14.0,0.14,7.140000000000001
2018-11-25,84,14.0,0.14,11.760000000000002
2018-11-26,81,14.0,0.14,11.340000000000002
2018-11-27,77,14.0,0.14,10.780000000000001
2018-11-28,69,14.0,0.14,9.66
2018-11-29,55,14.0,0.14,7.700000000000001
2018-11-30,52,14.0,0.14,7.280000000000001
2018-12-01,59,13.0,0.13,7.67
2018-12-02,52,13.0,0.13,6.76
2018-12-03,67,13.0,0.13,8.71
2018-12-04,64,13.0,0.13,8.32
2018-12-05,66,13.0,0.13,8.58
2018-12-06,68,13.0,0.13,8.84
2018-12-07,100,13.0,0.13,13.0
2018-12-08,66,13.0,0.13,8.58
2018-12-09,59,13.0,0.13,7.67
2018-12-10,62,13.0,0.13,8.06
2018-12-11,61,13.0,0.13,7.930000000000001
2018-12-12,60,13.0,0.13,7.800000000000001
2018-12-13,62,13.0,0.13,8.06
2018-12-14,67,13.0,0.13,8.71
2018-12-15,55,13.0,0.13,7.15
2018-12-16,55,13.0,0.13,7.15
2018-12-17,72,13.0,0.13,9.36
2018-12-18,69,13.0,0.13,8.97
2018-12-19,79,13.0,0.13,10.27
2018-12-20,80,13.0,0.13,10.4
2018-12-21,69,13.0,0.13,8.97
2018-12-22,59,13.0,0.13,7.67
2018-12-23,58,13.0,0.13,7.54
2018-12-24,66,13.0,0.13,8.58
2018-12-25,62,13.0,0.13,8.06
2018-12-26,57,13.0,0.13,7.41
2018-12-27,57,13.0,0.13,7.41
2018-12-28,58,13.0,0.13,7.54
2018-12-29,55,13.0,0.13,7.15
2018-12-30,53,13.0,0.13,6.890000000000001
2018-12-31,51,13.0,0.13,6.63
2019-01-01,93,10.0,0.1,9.3
2019-01-02,97,10.0,0.1,9.700000000000001
2019-01-03,98,10.0,0.1,9.8
2019-01-04,92,10.0,0.1,9.200000000000001
2019-01-05,83,10.0,0.1,8.3
2019-01-06,76,10.0,0.1,7.6000000000000005
2019-01-07,91,10.0,0.1,9.1
2019-01-08,88,10.0,0.1,8.8
2019-01-09,84,10.0,0.1,8.4
2019-01-10,100,10.0,0.1,10.0
2019-01-11,93,10.0,0.1,9.3
2019-01-12,80,10.0,0.1,8.0
2019-01-13,83,10.0,0.1,8.3
2019-01-14,85,10.0,0.1,8.5
2019-01-15,80,10.0,0.1,8.0
2019-01-16,82,10.0,0.1,8.200000000000001
2019-01-17,83,10.0,0.1,8.3
2019-01-18,79,10.0,0.1,7.9
2019-01-19,79,10.0,0.1,7.9
2019-01-20,79,10.0,0.1,7.9
2019-01-21,75,10.0,0.1,7.5
2019-01-22,79,10.0,0.1,7.9
2019-01-23,81,10.0,0.1,8.1
2019-01-24,77,10.0,0.1,7.7
2019-01-25,74,10.0,0.1,7.4
2019-01-26,67,10.0,0.1,6.7
2019-01-27,64,10.0,0.1,6.4
2019-01-28,84,10.0,0.1,8.4
2019-01-29,81,10.0,0.1,8.1
2019-01-30,73,10.0,0.1,7.300000000000001
2019-01-31,74,10.0,0.1,7.4
2019-02-01,79,10.0,0.1,7.9
2019-02-02,70,10.0,0.1,7.0
2019-02-03,66,10.0,0.1,6.6000000000000005
2019-02-04,75,10.0,0.1,7.5
2019-02-05,100,10.0,0.1,10.0
2019-02-06,85,10.0,0.1,8.5
2019-02-07,86,10.0,0.1,8.6
2019-02-08,78,10.0,0.1,7.800000000000001
2019-02-09,79,10.0,0.1,7.9
2019-02-10,75,10.0,0.1,7.5
2019-02-11,81,10.0,0.1,8.1
2019-02-12,75,10.0,0.1,7.5
2019-02-13,77,10.0,0.1,7.7
2019-02-14,73,10.0,0.1,7.300000000000001
2019-02-15,75,10.0,0.1,7.5
2019-02-16,70,10.0,0.1,7.0
2019-02-17,69,10.0,0.1,6.9
2019-02-18,87,10.0,0.1,8.700000000000001
2019-02-19,92,10.0,0.1,9.200000000000001
2019-02-20,96,10.0,0.1,9.600000000000001
2019-02-21,81,10.0,0.1,8.1
2019-02-22,78,10.0,0.1,7.800000000000001
2019-02-23,85,10.0,0.1,8.5
2019-02-24,94,10.0,0.1,9.4
2019-02-25,91,10.0,0.1,9.1
2019-02-26,76,10.0,0.1,7.6000000000000005
2019-02-27,75,10.0,0.1,7.5
2019-02-28,75,10.0,0.1,7.5
2019-03-01,88,8.0,0.08,7.04
2019-03-02,79,8.0,0.08,6.32
2019-03-03,83,8.0,0.08,6.640000000000001
2019-03-04,97,8.0,0.08,7.76
2019-03-05,93,8.0,0.08,7.44
2019-03-06,91,8.0,0.08,7.28
2019-03-07,92,8.0,0.08,7.36
2019-03-08,89,8.0,0.08,7.12
2019-03-09,95,8.0,0.08,7.6000000000000005
2019-03-10,85,8.0,0.08,6.8
2019-03-11,87,8.0,0.08,6.96
2019-03-12,86,8.0,0.08,6.88
2019-03-13,90,8.0,0.08,7.2
2019-03-14,79,8.0,0.08,6.32
2019-03-15,80,8.0,0.08,6.4
2019-03-16,84,8.0,0.08,6.72
2019-03-17,80,8.0,0.08,6.4
2019-03-18,91,8.0,0.08,7.28
2019-03-19,100,8.0,0.08,8.0
2019-03-20,95,8.0,0.08,7.6000000000000005
2019-03-21,95,8.0,0.08,7.6000000000000005
2019-03-22,94,8.0,0.08,7.5200000000000005
2019-03-23,85,8.0,0.08,6.8
2019-03-24,76,8.0,0.08,6.08
2019-03-25,88,8.0,0.08,7.04
2019-03-26,81,8.0,0.08,6.48
2019-03-27,93,8.0,0.08,7.44
2019-03-28,85,8.0,0.08,6.8
2019-03-29,89,8.0,0.08,7.12
2019-03-30,88,8.0,0.08,7.04
2019-03-31,67,8.0,0.08,5.36
2019-04-01,40,12.0,0.12,4.8
2019-04-02,97,12.0,0.12,11.639999999999999
2019-04-03,100,12.0,0.12,12.0
2019-04-04,75,12.0,0.12,9.0
2019-04-05,55,12.0,0.12,6.6
2019-04-06,51,12.0,0.12,6.12
2019-04-07,49,12.0,0.12,5.88
2019-04-08,59,12.0,0.12,7.08
2019-04-09,55,12.0,0.12,6.6
2019-04-10,52,12.0,0.12,6.24
2019-04-11,50,12.0,0.12,6.0
2019-04-12,49,12.0,0.12,5.88
2019-04-13,44,12.0,0.12,5.279999999999999
2019-04-14,44,12.0,0.12,5.279999999999999
2019-04-15,47,12.0,0.12,5.64
2019-04-16,46,12.0,0.12,5.52
2019-04-17,51,12.0,0.12,6.12
2019-04-18,49,12.0,0.12,5.88
2019-04-19,47,12.0,0.12,5.64
2019-04-20,47,12.0,0.12,5.64
2019-04-21,43,12.0,0.12,5.16
2019-04-22,41,12.0,0.12,4.92
2019-04-23,60,12.0,0.12,7.199999999999999
2019-04-24,52,12.0,0.12,6.24
2019-04-25,48,12.0,0.12,5.76
2019-04-26,53,12.0,0.12,6.359999999999999
2019-04-27,42,12.0,0.12,5.04
2019-04-28,42,12.0,0.12,5.04
2019-04-29,44,12.0,0.12,5.279999999999999
2019-04-30,43,12.0,0.12,5.16
2019-05-01,32,17.0,0.17,5.44
2019-05-02,34,17.0,0.17,5.78
2019-05-03,42,17.0,0.17,7.140000000000001
2019-05-04,37,17.0,0.17,6.29
2019-05-05,38,17.0,0.17,6.460000000000001
2019-05-06,36,17.0,0.17,6.12
2019-05-07,42,17.0,0.17,7.140000000000001
2019-05-08,43,17.0,0.17,7.3100000000000005
2019-05-09,50,17.0,0.17,8.5
2019-05-10,55,17.0,0.17,9.350000000000001
2019-05-11,72,17.0,0.17,12.24
2019-05-12,77,17.0,0.17,13.090000000000002
2019-05-13,87,17.0,0.17,14.790000000000001
2019-05-14,100,17.0,0.17,17.0
2019-05-15,85,17.0,0.17,14.450000000000001
2019-05-16,78,17.0,0.17,13.260000000000002
2019-05-17,78,17.0,0.17,13.260000000000002
2019-05-18,54,17.0,0.17,9.180000000000001
2019-05-19,63,17.0,0.17,10.71
2019-05-20,65,17.0,0.17,11.05
2019-05-21,62,17.0,0.17,10.540000000000001
2019-05-22,60,17.0,0.17,10.200000000000001
2019-05-23,53,17.0,0.17,9.01
2019-05-24,51,17.0,0.17,8.67
2019-05-25,44,17.0,0.17,7.48
2019-05-26,48,17.0,0.17,8.16
2019-05-27,72,17.0,0.17,12.24
2019-05-28,63,17.0,0.17,10.71
2019-05-29,62,17.0,0.17,10.540000000000001
2019-05-30,65,17.0,0.17,11.05
2019-05-31,64,17.0,0.17,10.88
2019-06-01,28,20.0,0.2,5.6000000000000005
2019-06-02,27,20.0,0.2,5.4
2019-06-03,31,20.0,0.2,6.2
2019-06-04,36,20.0,0.2,7.2
2019-06-05,30,20.0,0.2,6.0
2019-06-06,29,20.0,0.2,5.800000000000001
2019-06-07,31,20.0,0.2,6.2
2019-06-08,22,20.0,0.2,4.4
2019-06-09,22,20.0,0.2,4.4
2019-06-10,26,20.0,0.2,5.2
2019-06-11,26,20.0,0.2,5.2
2019-06-12,26,20.0,0.2,5.2
2019-06-13,25,20.0,0.2,5.0
2019-06-14,29,20.0,0.2,5.800000000000001
2019-06-15,26,20.0,0.2,5.2
2019-06-16,35,20.0,0.2,7.0
2019-06-17,38,20.0,0.2,7.6000000000000005
2019-06-18,37,20.0,0.2,7.4
2019-06-19,34,20.0,0.2,6.800000000000001
2019-06-20,35,20.0,0.2,7.0
2019-06-21,45,20.0,0.2,9.0
2019-06-22,67,20.0,0.2,13.4
2019-06-23,48,20.0,0.2,9.600000000000001
2019-06-24,49,20.0,0.2,9.8
2019-06-25,55,20.0,0.2,11.0
2019-06-26,100,20.0,0.2,20.0
2019-06-27,82,20.0,0.2,16.400000000000002
2019-06-28,61,20.0,0.2,12.200000000000001
2019-06-29,46,20.0,0.2,9.200000000000001
2019-06-30,41,20.0,0.2,8.200000000000001
2019-07-01,100,18.0,0.18,18.0
2019-07-02,98,18.0,0.18,17.64
2019-07-03,85,18.0,0.18,15.299999999999999
2019-07-04,82,18.0,0.18,14.76
2019-07-05,74,18.0,0.18,13.32
2019-07-06,61,18.0,0.18,10.98
2019-07-07,61,18.0,0.18,10.98
2019-07-08,74,18.0,0.18,13.32
2019-07-09,94,18.0,0.18,16.919999999999998
2019-07-10,94,18.0,0.18,16.919999999999998
2019-07-11,88,18.0,0.18,15.84
2019-07-12,82,18.0,0.18,14.76
2019-07-13,64,18.0,0.18,11.52
2019-07-14,67,18.0,0.18,12.059999999999999
2019-07-15,90,18.0,0.18,16.2
2019-07-16,94,18.0,0.18,16.919999999999998
2019-07-17,92,18.0,0.18,16.56
2019-07-18,84,18.0,0.18,15.12
2019-07-19,76,18.0,0.18,13.68
2019-07-20,63,18.0,0.18,11.34
2019-07-21,56,18.0,0.18,10.08
2019-07-22,64,18.0,0.18,11.52
2019-07-23,67,18.0,0.18,12.059999999999999
2019-07-24,70,18.0,0.18,12.6
2019-07-25,69,18.0,0.18,12.42
2019-07-26,57,18.0,0.18,10.26
2019-07-27,57,18.0,0.18,10.26
2019-07-28,51,18.0,0.18,9.18
2019-07-29,60,18.0,0.18,10.799999999999999
2019-07-30,63,18.0,0.18,11.34
2019-07-31,59,18.0,0.18,10.62
2019-08-01,65,15.0,0.15,9.75
2019-08-02,71,15.0,0.15,10.65
2019-08-03,63,15.0,0.15,9.45
2019-08-04,61,15.0,0.15,9.15
2019-08-05,96,15.0,0.15,14.399999999999999
2019-08-06,100,15.0,0.15,15.0
2019-08-07,88,15.0,0.15,13.2
2019-08-08,79,15.0,0.15,11.85
2019-08-09,75,15.0,0.15,11.25
2019-08-10,63,15.0,0.15,9.45
2019-08-11,60,15.0,0.15,9.0
2019-08-12,70,15.0,0.15,10.5
2019-08-13,72,15.0,0.15,10.799999999999999
2019-08-14,80,15.0,0.15,12.0
2019-08-15,84,15.0,0.15,12.6
2019-08-16,70,15.0,0.15,10.5
2019-08-17,58,15.0,0.15,8.7
2019-08-18,56,15.0,0.15,8.4
2019-08-19,67,15.0,0.15,10.049999999999999
2019-08-20,67,15.0,0.15,10.049999999999999
2019-08-21,72,15.0,0.15,10.799999999999999
2019-08-22,69,15.0,0.15,10.35
2019-08-23,62,15.0,0.15,9.299999999999999
2019-08-24,53,15.0,0.15,7.949999999999999
2019-08-25,52,15.0,0.15,7.8
2019-08-26,58,15.0,0.15,8.7
2019-08-27,64,15.0,0.15,9.6
2019-08-28,66,15.0,0.15,9.9
2019-08-29,70,15.0,0.15,10.5
2019-08-30,59,15.0,0.15,8.85
2019-08-31,49,15.0,0.15,7.35
2019-09-01,54,13.0,0.13,7.0200000000000005
2019-09-02,69,13.0,0.13,8.97
2019-09-03,80,13.0,0.13,10.4
2019-09-04,72,13.0,0.13,9.36
2019-09-05,63,13.0,0.13,8.19
2019-09-06,66,13.0,0.13,8.58
2019-09-07,54,13.0,0.13,7.0200000000000005
2019-09-08,55,13.0,0.13,7.15
2019-09-09,59,13.0,0.13,7.67
2019-09-10,58,13.0,0.13,7.54
2019-09-11,57,13.0,0.13,7.41
2019-09-12,59,13.0,0.13,7.67
2019-09-13,54,13.0,0.13,7.0200000000000005
2019-09-14,49,13.0,0.13,6.37
2019-09-15,54,13.0,0.13,7.0200000000000005
2019-09-16,54,13.0,0.13,7.0200000000000005
2019-09-17,56,13.0,0.13,7.28
2019-09-18,53,13.0,0.13,6.890000000000001
2019-09-19,57,13.0,0.13,7.41
2019-09-20,53,13.0,0.13,6.890000000000001
2019-09-21,50,13.0,0.13,6.5
2019-09-22,49,13.0,0.13,6.37
2019-09-23,57,13.0,0.13,7.41
2019-09-24,84,13.0,0.13,10.92
2019-09-25,100,13.0,0.13,13.0
2019-09-26,93,13.0,0.13,12.09
2019-09-27,78,13.0,0.13,10.14
2019-09-28,60,13.0,0.13,7.800000000000001
2019-09-29,56,13.0,0.13,7.28
2019-09-30,69,13.0,0.13,8.97
2019-10-01,62,12.0,0.12,7.4399999999999995
2019-10-02,58,12.0,0.12,6.96
2019-10-03,58,12.0,0.12,6.96
2019-10-04,53,12.0,0.12,6.359999999999999
2019-10-05,47,12.0,0.12,5.64
2019-10-06,50,12.0,0.12,6.0
2019-10-07,57,12.0,0.12,6.84
2019-10-08,54,12.0,0.12,6.4799999999999995
2019-10-09,58,12.0,0.12,6.96
2019-10-10,54,12.0,0.12,6.4799999999999995
2019-10-11,51,12.0,0.12,6.12
2019-10-12,46,12.0,0.12,5.52
2019-10-13,48,12.0,0.12,5.76
2019-10-14,48,12.0,0.12,5.76
2019-10-15,52,12.0,0.12,6.24
2019-10-16,52,12.0,0.12,6.24
2019-10-17,53,12.0,0.12,6.359999999999999
2019-10-18,51,12.0,0.12,6.12
2019-10-19,47,12.0,0.12,5.64
2019-10-20,46,12.0,0.12,5.52
2019-10-21,50,12.0,0.12,6.0
2019-10-22,49,12.0,0.12,5.88
2019-10-23,68,12.0,0.12,8.16
2019-10-24,61,12.0,0.12,7.319999999999999
2019-10-25,68,12.0,0.12,8.16
2019-10-26,100,12.0,0.12,12.0
2019-10-27,66,12.0,0.12,7.92
2019-10-28,76,12.0,0.12,9.12
2019-10-29,72,12.0,0.12,8.64
2019-10-30,63,12.0,0.12,7.56
2019-10-31,56,12.0,0.12,6.72
2019-11-01,71,11.0,0.11,7.81
2019-11-02,62,11.0,0.11,6.82
2019-11-03,64,11.0,0.11,7.04
2019-11-04,73,11.0,0.11,8.03
2019-11-05,74,11.0,0.11,8.14
2019-11-06,71,11.0,0.11,7.81
2019-11-07,67,11.0,0.11,7.37
2019-11-08,72,11.0,0.11,7.92
2019-11-09,62,11.0,0.11,6.82
2019-11-10,62,11.0,0.11,6.82
2019-11-11,70,11.0,0.11,7.7
2019-11-12,62,11.0,0.11,6.82
2019-11-13,67,11.0,0.11,7.37
2019-11-14,63,11.0,0.11,6.93
2019-11-15,64,11.0,0.11,7.04
2019-11-16,60,11.0,0.11,6.6
2019-11-17,60,11.0,0.11,6.6
2019-11-18,71,11.0,0.11,7.81
2019-11-19,71,11.0,0.11,7.81
2019-11-20,67,11.0,0.11,7.37
2019-11-21,85,11.0,0.11,9.35
2019-11-22,98,11.0,0.11,10.78
2019-11-23,71,11.0,0.11,7.81
2019-11-24,70,11.0,0.11,7.7
2019-11-25,100,11.0,0.11,11.0
2019-11-26,89,11.0,0.11,9.790000000000001
2019-11-27,82,11.0,0.11,9.02
2019-11-28,76,11.0,0.11,8.36
2019-11-29,69,11.0,0.11,7.59
2019-11-30,62,11.0,0.11,6.82
2019-12-01,78,10.0,0.1,7.800000000000001
2019-12-02,77,10.0,0.1,7.7
2019-12-03,86,10.0,0.1,8.6
2019-12-04,87,10.0,0.1,8.700000000000001
2019-12-05,81,10.0,0.1,8.1
2019-12-06,76,10.0,0.1,7.6000000000000005
2019-12-07,70,10.0,0.1,7.0
2019-12-08,69,10.0,0.1,6.9
2019-12-09,76,10.0,0.1,7.6000000000000005
2019-12-10,77,10.0,0.1,7.7
2019-12-11,81,10.0,0.1,8.1
2019-12-12,78,10.0,0.1,7.800000000000001
2019-12-13,79,10.0,0.1,7.9
2019-12-14,79,10.0,0.1,7.9
2019-12-15,72,10.0,0.1,7.2
2019-12-16,75,10.0,0.1,7.5
2019-12-17,95,10.0,0.1,9.5
2019-12-18,100,10.0,0.1,10.0
2019-12-19,95,10.0,0.1,9.5
2019-12-20,83,10.0,0.1,8.3
2019-12-21,79,10.0,0.1,7.9
2019-12-22,78,10.0,0.1,7.800000000000001
2019-12-23,88,10.0,0.1,8.8
2019-12-24,85,10.0,0.1,8.5
2019-12-25,80,10.0,0.1,8.0
2019-12-26,76,10.0,0.1,7.6000000000000005
2019-12-27,78,10.0,0.1,7.800000000000001
2019-12-28,80,10.0,0.1,8.0
2019-12-29,75,10.0,0.1,7.5
2019-12-30,73,10.0,0.1,7.300000000000001
2019-12-31,76,10.0,0.1,7.6000000000000005
2020-01-01,61,12.0,0.12,7.319999999999999
2020-01-02,64,12.0,0.12,7.68
2020-01-03,79,12.0,0.12,9.48
2020-01-04,64,12.0,0.12,7.68
2020-01-05,57,12.0,0.12,6.84
2020-01-06,69,12.0,0.12,8.28
2020-01-07,91,12.0,0.12,10.92
2020-01-08,100,12.0,0.12,12.0
2020-01-09,78,12.0,0.12,9.36
2020-01-10,72,12.0,0.12,8.64
2020-01-11,61,12.0,0.12,7.319999999999999
2020-01-12,67,12.0,0.12,8.04
2020-01-13,62,12.0,0.12,7.4399999999999995
2020-01-14,98,12.0,0.12,11.76
2020-01-15,96,12.0,0.12,11.52
2020-01-16,79,12.0,0.12,9.48
2020-01-17,87,12.0,0.12,10.44
2020-01-18,75,12.0,0.12,9.0
2020-01-19,81,12.0,0.12,9.719999999999999
2020-01-20,76,12.0,0.12,9.12
2020-01-21,73,12.0,0.12,8.76
2020-01-22,69,12.0,0.12,8.28
2020-01-23,65,12.0,0.12,7.8
2020-01-24,66,12.0,0.12,7.92
2020-01-25,60,12.0,0.12,7.199999999999999
2020-01-26,53,12.0,0.12,6.359999999999999
2020-01-27,67,12.0,0.12,8.04
2020-01-28,83,12.0,0.12,9.959999999999999
2020-01-29,89,12.0,0.12,10.68
2020-01-30,89,12.0,0.12,10.68
2020-01-31,81,12.0,0.12,9.719999999999999
2020-02-01,62,14.0,0.14,8.680000000000001
2020-02-02,64,14.0,0.14,8.96
2020-02-03,66,14.0,0.14,9.24
2020-02-04,71,14.0,0.14,9.940000000000001
2020-02-05,80,14.0,0.14,11.200000000000001
2020-02-06,86,14.0,0.14,12.040000000000001
2020-02-07,76,14.0,0.14,10.64
2020-02-08,70,14.0,0.14,9.8
2020-02-09,99,14.0,0.14,13.860000000000001
2020-02-10,86,14.0,0.14,12.040000000000001
2020-02-11,90,14.0,0.14,12.600000000000001
2020-02-12,100,14.0,0.14,14.000000000000002
2020-02-13,93,14.0,0.14,13.020000000000001
2020-02-14,76,14.0,0.14,10.64
2020-02-15,75,14.0,0.14,10.500000000000002
2020-02-16,71,14.0,0.14,9.940000000000001
2020-02-17,86,14.0,0.14,12.040000000000001
2020-02-18,77,14.0,0.14,10.780000000000001
2020-02-19,83,14.0,0.14,11.620000000000001
2020-02-20,80,14.0,0.14,11.200000000000001
2020-02-21,70,14.0,0.14,9.8
2020-02-22,61,14.0,0.14,8.540000000000001
2020-02-23,59,14.0,0.14,8.260000000000002
2020-02-24,76,14.0,0.14,10.64
2020-02-25,75,14.0,0.14,10.500000000000002
2020-02-26,90,14.0,0.14,12.600000000000001
2020-02-27,83,14.0,0.14,11.620000000000001
2020-02-28,91,14.0,0.14,12.740000000000002
2020-02-29,69,14.0,0.14,9.66
2020-03-01,27,19.0,0.19,5.13
2020-03-02,29,19.0,0.19,5.51
2020-03-03,29,19.0,0.19,5.51
2020-03-04,30,19.0,0.19,5.7
2020-03-05,30,19.0,0.19,5.7
2020-03-06,30,19.0,0.19,5.7
2020-03-07,26,19.0,0.19,4.94
2020-03-08,27,19.0,0.19,5.13
2020-03-09,52,19.0,0.19,9.88
2020-03-10,42,19.0,0.19,7.98
2020-03-11,35,19.0,0.19,6.65
2020-03-12,72,19.0,0.19,13.68
2020-03-13,100,19.0,0.19,19.0
2020-03-14,64,19.0,0.19,12.16
2020-03-15,56,19.0,0.19,10.64
2020-03-16,71,19.0,0.19,13.49
2020-03-17,59,19.0,0.19,11.21
2020-03-18,54,19.0,0.19,10.26
2020-03-19,59,19.0,0.19,11.21
2020-03-20,58,19.0,0.19,11.02
2020-03-21,51,19.0,0.19,9.69
2020-03-22,45,19.0,0.19,8.55
2020-03-23,46,19.0,0.19,8.74
2020-03-24,47,19.0,0.19,8.93
2020-03-25,44,19.0,0.19,8.36
2020-03-26,41,19.0,0.19,7.79
2020-03-27,38,19.0,0.19,7.22
2020-03-28,39,19.0,0.19,7.41
2020-03-29,42,19.0,0.19,7.98
2020-03-30,39,19.0,0.19,7.41
2020-03-31,36,19.0,0.19,6.84
2020-04-01,50,16.0,0.16,8.0
2020-04-02,65,16.0,0.16,10.4
2020-04-03,59,16.0,0.16,9.44
2020-04-04,53,16.0,0.16,8.48
2020-04-05,51,16.0,0.16,8.16
2020-04-06,63,16.0,0.16,10.08
2020-04-07,63,16.0,0.16,10.08
2020-04-08,58,16.0,0.16,9.28
2020-04-09,56,16.0,0.16,8.96
2020-04-10,58,16.0,0.16,9.28
2020-04-11,54,16.0,0.16,8.64
2020-04-12,52,16.0,0.16,8.32
2020-04-13,56,16.0,0.16,8.96
2020-04-14,53,16.0,0.16,8.48
2020-04-15,56,16.0,0.16,8.96
2020-04-16,60,16.0,0.16,9.6
2020-04-17,54,16.0,0.16,8.64
2020-04-18,51,16.0,0.16,8.16
2020-04-19,52,16.0,0.16,8.32
2020-04-20,54,16.0,0.16,8.64
2020-04-21,54,16.0,0.16,8.64
2020-04-22,51,16.0,0.16,8.16
2020-04-23,60,16.0,0.16,9.6
2020-04-24,59,16.0,0.16,9.44
2020-04-25,59,16.0,0.16,9.44
2020-04-26,55,16.0,0.16,8.8
2020-04-27,58,16.0,0.16,9.28
2020-04-28,57,16.0,0.16,9.120000000000001
2020-04-29,84,16.0,0.16,13.44
2020-04-30,100,16.0,0.16,16.0
2020-05-01,54,20.0,0.2,10.8
2020-05-02,51,20.0,0.2,10.200000000000001
2020-05-03,52,20.0,0.2,10.4
2020-05-04,48,20.0,0.2,9.600000000000001
2020-05-05,48,20.0,0.2,9.600000000000001
2020-05-06,54,20.0,0.2,10.8
2020-05-07,67,20.0,0.2,13.4
2020-05-08,73,20.0,0.2,14.600000000000001
2020-05-09,64,20.0,0.2,12.8
2020-05-10,81,20.0,0.2,16.2
2020-05-11,100,20.0,0.2,20.0
2020-05-12,71,20.0,0.2,14.200000000000001
2020-05-13,60,20.0,0.2,12.0
2020-05-14,62,20.0,0.2,12.4
2020-05-15,54,20.0,0.2,10.8
2020-05-16,48,20.0,0.2,9.600000000000001
2020-05-17,51,20.0,0.2,10.200000000000001
2020-05-18,49,20.0,0.2,9.8
2020-05-19,46,20.0,0.2,9.200000000000001
2020-05-20,46,20.0,0.2,9.200000000000001
2020-05-21,48,20.0,0.2,9.600000000000001
2020-05-22,46,20.0,0.2,9.200000000000001
2020-05-23,40,20.0,0.2,8.0
2020-05-24,41,20.0,0.2,8.200000000000001
2020-05-25,47,20.0,0.2,9.4
2020-05-26,42,20.0,0.2,8.4
2020-05-27,42,20.0,0.2,8.4
2020-05-28,40,20.0,0.2,8.0
2020-05-29,39,20.0,0.2,7.800000000000001
2020-05-30,38,20.0,0.2,7.6000000000000005
2020-05-31,36,20.0,0.2,7.2
2020-06-01,71,13.0,0.13,9.23
2020-06-02,100,13.0,0.13,13.0
2020-06-03,81,13.0,0.13,10.530000000000001
2020-06-04,74,13.0,0.13,9.620000000000001
2020-06-05,72,13.0,0.13,9.36
2020-06-06,65,13.0,0.13,8.450000000000001
2020-06-07,70,13.0,0.13,9.1
2020-06-08,70,13.0,0.13,9.1
2020-06-09,70,13.0,0.13,9.1
2020-06-10,70,13.0,0.13,9.1
2020-06-11,79,13.0,0.13,10.27
2020-06-12,71,13.0,0.13,9.23
2020-06-13,57,13.0,0.13,7.41
2020-06-14,56,13.0,0.13,7.28
2020-06-15,70,13.0,0.13,9.1
2020-06-16,69,13.0,0.13,8.97
2020-06-17,64,13.0,0.13,8.32
2020-06-18,62,13.0,0.13,8.06
2020-06-19,62,13.0,0.13,8.06
2020-06-20,56,13.0,0.13,7.28
2020-06-21,50,13.0,0.13,6.5
2020-06-22,64,13.0,0.13,8.32
2020-06-23,67,13.0,0.13,8.71
2020-06-24,64,13.0,0.13,8.32
2020-06-25,62,13.0,0.13,8.06
2020-06-26,61,13.0,0.13,7.930000000000001
2020-06-27,58,13.0,0.13,7.54
2020-06-28,61,13.0,0.13,7.930000000000001
2020-06-29,60,13.0,0.13,7.800000000000001
2020-06-30,60,13.0,0.13,7.800000000000001
2020-07-01,44,14.0,0.14,6.16
2020-07-02,47,14.0,0.14,6.580000000000001
2020-07-03,39,14.0,0.14,5.460000000000001
2020-07-04,37,14.0,0.14,5.180000000000001
2020-07-05,42,14.0,0.14,5.880000000000001
2020-07-06,46,14.0,0.14,6.44
2020-07-07,41,14.0,0.14,5.74
2020-07-08,50,14.0,0.14,7.000000000000001
2020-07-09,48,14.0,0.14,6.720000000000001
2020-07-10,41,14.0,0.14,5.74
2020-07-11,41,14.0,0.14,5.74
2020-07-12,41,14.0,0.14,5.74
2020-07-13,46,14.0,0.14,6.44
2020-07-14,50,14.0,0.14,7.000000000000001
2020-07-15,54,14.0,0.14,7.5600000000000005
2020-07-16,70,14.0,0.14,9.8
2020-07-17,49,14.0,0.14,6.86
2020-07-18,70,14.0,0.14,9.8
2020-07-19,45,14.0,0.14,6.300000000000001
2020-07-20,40,14.0,0.14,5.6000000000000005
2020-07-21,45,14.0,0.14,6.300000000000001
2020-07-22,45,14.0,0.14,6.300000000000001
2020-07-23,55,14.0,0.14,7.700000000000001
2020-07-24,50,14.0,0.14,7.000000000000001
2020-07-25,57,14.0,0.14,7.98
2020-07-26,63,14.0,0.14,8.82
2020-07-27,92,14.0,0.14,12.88
2020-07-28,100,14.0,0.14,14.000000000000002
2020-07-29,81,14.0,0.14,11.340000000000002
2020-07-30,71,14.0,0.14,9.940000000000001
2020-07-31,74,14.0,0.14,10.360000000000001
2020-08-01,100,15.0,0.15,15.0
2020-08-02,97,15.0,0.15,14.549999999999999
2020-08-03,82,15.0,0.15,12.299999999999999
2020-08-04,75,15.0,0.15,11.25
2020-08-05,81,15.0,0.15,12.15
2020-08-06,89,15.0,0.15,13.35
2020-08-07,77,15.0,0.15,11.549999999999999
2020-08-08,68,15.0,0.15,10.2
2020-08-09,65,15.0,0.15,9.75
2020-08-10,82,15.0,0.15,12.299999999999999
2020-08-11,80,15.0,0.15,12.0
2020-08-12,71,15.0,0.15,10.65
2020-08-13,70,15.0,0.15,10.5
2020-08-14,73,15.0,0.15,10.95
2020-08-15,67,15.0,0.15,10.049999999999999
2020-08-16,65,15.0,0.15,9.75
2020-08-17,79,15.0,0.15,11.85
2020-08-18,82,15.0,0.15,12.299999999999999
2020-08-19,71,15.0,0.15,10.65
2020-08-20,68,15.0,0.15,10.2
2020-08-21,65,15.0,0.15,9.75
2020-08-22,58,15.0,0.15,8.7
2020-08-23,58,15.0,0.15,8.7
2020-08-24,64,15.0,0.15,9.6
2020-08-25,69,15.0,0.15,10.35
2020-08-26,62,15.0,0.15,9.299999999999999
2020-08-27,59,15.0,0.15,8.85
2020-08-28,61,15.0,0.15,9.15
2020-08-29,46,15.0,0.15,6.8999999999999995
2020-08-30,52,15.0,0.15,7.8
2020-08-31,57,15.0,0.15,8.549999999999999
2020-09-01,84,13.0,0.13,10.92
2020-09-02,83,13.0,0.13,10.790000000000001
2020-09-03,93,13.0,0.13,12.09
2020-09-04,100,13.0,0.13,13.0
2020-09-05,86,13.0,0.13,11.18
2020-09-06,80,13.0,0.13,10.4
2020-09-07,81,13.0,0.13,10.530000000000001
2020-09-08,76,13.0,0.13,9.88
2020-09-09,76,13.0,0.13,9.88
2020-09-10,69,13.0,0.13,8.97
2020-09-11,67,13.0,0.13,8.71
2020-09-12,62,13.0,0.13,8.06
2020-09-13,62,13.0,0.13,8.06
2020-09-14,68,13.0,0.13,8.84
2020-09-15,69,13.0,0.13,8.97
2020-09-16,70,13.0,0.13,9.1
2020-09-17,68,13.0,0.13,8.84
2020-09-18,63,13.0,0.13,8.19
2020-09-19,55,13.0,0.13,7.15
2020-09-20,61,13.0,0.13,7.930000000000001
2020-09-21,68,13.0,0.13,8.84
2020-09-22,65,13.0,0.13,8.450000000000001
2020-09-23,60,13.0,0.13,7.800000000000001
2020-09-24,58,13.0,0.13,7.54
2020-09-25,58,13.0,0.13,7.54
2020-09-26,55,13.0,0.13,7.15
2020-09-27,53,13.0,0.13,6.890000000000001
2020-09-28,58,13.0,0.13,7.54
2020-09-29,59,13.0,0.13,7.67
2020-09-30,54,13.0,0.13,7.0200000000000005
2020-10-01,47,13.0,0.13,6.11
2020-10-02,48,13.0,0.13,6.24
2020-10-03,46,13.0,0.13,5.98
2020-10-04,46,13.0,0.13,5.98
2020-10-05,49,13.0,0.13,6.37
2020-10-06,46,13.0,0.13,5.98
2020-10-07,43,13.0,0.13,5.59
2020-10-08,52,13.0,0.13,6.76
2020-10-09,48,13.0,0.13,6.24
2020-10-10,52,13.0,0.13,6.76
2020-10-11,49,13.0,0.13,6.37
2020-10-12,51,13.0,0.13,6.63
2020-10-13,49,13.0,0.13,6.37
2020-10-14,56,13.0,0.13,7.28
2020-10-15,52,13.0,0.13,6.76
2020-10-16,50,13.0,0.13,6.5
2020-10-17,46,13.0,0.13,5.98
2020-10-18,48,13.0,0.13,6.24
2020-10-19,51,13.0,0.13,6.63
2020-10-20,64,13.0,0.13,8.32
2020-10-21,99,13.0,0.13,12.870000000000001
2020-10-22,100,13.0,0.13,13.0
2020-10-23,85,13.0,0.13,11.05
2020-10-24,66,13.0,0.13,8.58
2020-10-25,72,13.0,0.13,9.36
2020-10-26,76,13.0,0.13,9.88
2020-10-27,89,13.0,0.13,11.57
2020-10-28,92,13.0,0.13,11.96
2020-10-29,79,13.0,0.13,10.27
2020-10-30,76,13.0,0.13,9.88
2020-10-31,79,13.0,0.13,10.27
2020-11-01,41,23.0,0.23,9.43
2020-11-02,43,23.0,0.23,9.89
2020-11-03,40,23.0,0.23,9.200000000000001
2020-11-04,41,23.0,0.23,9.43
2020-11-05,61,23.0,0.23,14.030000000000001
2020-11-06,68,23.0,0.23,15.64
2020-11-07,49,23.0,0.23,11.270000000000001
2020-11-08,49,23.0,0.23,11.270000000000001
2020-11-09,52,23.0,0.23,11.96
2020-11-10,47,23.0,0.23,10.81
2020-11-11,48,23.0,0.23,11.040000000000001
2020-11-12,54,23.0,0.23,12.42
2020-11-13,58,23.0,0.23,13.34
2020-11-14,49,23.0,0.23,11.270000000000001
2020-11-15,42,23.0,0.23,9.66
2020-11-16,55,23.0,0.23,12.65
2020-11-17,76,23.0,0.23,17.48
2020-11-18,93,23.0,0.23,21.39
2020-11-19,73,23.0,0.23,16.79
2020-11-20,77,23.0,0.23,17.71
2020-11-21,77,23.0,0.23,17.71
2020-11-22,66,23.0,0.23,15.180000000000001
2020-11-23,70,23.0,0.23,16.1
2020-11-24,97,23.0,0.23,22.310000000000002
2020-11-25,85,23.0,0.23,19.55
2020-11-26,100,23.0,0.23,23.0
2020-11-27,75,23.0,0.23,17.25
2020-11-28,60,23.0,0.23,13.8
2020-11-29,56,23.0,0.23,12.88
2020-11-30,83,23.0,0.23,19.09
2020-12-01,50,32.0,0.32,16.0
2020-12-02,41,32.0,0.32,13.120000000000001
2020-12-03,38,32.0,0.32,12.16
2020-12-04,37,32.0,0.32,11.84
2020-12-05,34,32.0,0.32,10.88
2020-12-06,31,32.0,0.32,9.92
2020-12-07,32,32.0,0.32,10.24
2020-12-08,32,32.0,0.32,10.24
2020-12-09,35,32.0,0.32,11.200000000000001
2020-12-10,31,32.0,0.32,9.92
2020-12-11,33,32.0,0.32,10.56
2020-12-12,29,32.0,0.32,9.28
2020-12-13,29,32.0,0.32,9.28
2020-12-14,32,32.0,0.32,10.24
2020-12-15,32,32.0,0.32,10.24
2020-12-16,60,32.0,0.32,19.2
2020-12-17,100,32.0,0.32,32.0
2020-12-18,65,32.0,0.32,20.8
2020-12-19,56,32.0,0.32,17.92
2020-12-20,55,32.0,0.32,17.6
2020-12-21,61,32.0,0.32,19.52
2020-12-22,51,32.0,0.32,16.32
2020-12-23,50,32.0,0.32,16.0
2020-12-24,44,32.0,0.32,14.08
2020-12-25,50,32.0,0.32,16.0
2020-12-26,73,32.0,0.32,23.36
2020-12-27,98,32.0,0.32,31.36
2020-12-28,74,32.0,0.32,23.68
2020-12-29,63,32.0,0.32,20.16
2020-12-30,75,32.0,0.32,24.0
2020-12-31,72,32.0,0.32,23.04
2021-01-01,37,67.0,0.67,24.790000000000003
2021-01-02,64,67.0,0.67,42.88
2021-01-03,79,67.0,0.67,52.93
2021-01-04,64,67.0,0.67,42.88
2021-01-05,52,67.0,0.67,34.84
2021-01-06,60,67.0,0.67,40.2
2021-01-07,86,67.0,0.67,57.620000000000005
2021-01-08,85,67.0,0.67,56.95
2021-01-09,66,67.0,0.67,44.220000000000006
2021-01-10,65,67.0,0.67,43.550000000000004
2021-01-11,100,67.0,0.67,67.0
2021-01-12,72,67.0,0.67,48.24
2021-01-13,61,67.0,0.67,40.870000000000005
2021-01-14,62,67.0,0.67,41.54
2021-01-15,56,67.0,0.67,37.52
2021-01-16,49,67.0,0.67,32.830000000000005
2021-01-17,43,67.0,0.67,28.810000000000002
2021-01-18,42,67.0,0.67,28.14
2021-01-19,40,67.0,0.67,26.8
2021-01-20,39,67.0,0.67,26.130000000000003
2021-01-21,49,67.0,0.67,32.830000000000005
2021-01-22,53,67.0,0.67,35.510000000000005
2021-01-23,38,67.0,0.67,25.46
2021-01-24,33,67.0,0.67,22.110000000000003
2021-01-25,37,67.0,0.67,24.790000000000003
2021-01-26,33,67.0,0.67,22.110000000000003
2021-01-27,37,67.0,0.67,24.790000000000003
2021-01-28,36,67.0,0.67,24.12
2021-01-29,60,67.0,0.67,40.2
2021-01-30,43,67.0,0.67,28.810000000000002
2021-01-31,37,67.0,0.67,24.790000000000003
2021-02-01,36,66.0,0.66,23.76
2021-02-02,35,66.0,0.66,23.1
2021-02-03,38,66.0,0.66,25.080000000000002
2021-02-04,38,66.0,0.66,25.080000000000002
2021-02-05,36,66.0,0.66,23.76
2021-02-06,42,66.0,0.66,27.720000000000002
2021-02-07,38,66.0,0.66,25.080000000000002
2021-02-08,83,66.0,0.66,54.78
2021-02-09,100,66.0,0.66,66.0
2021-02-10,65,66.0,0.66,42.9
2021-02-11,60,66.0,0.66,39.6
2021-02-12,57,66.0,0.66,37.620000000000005
2021-02-13,47,66.0,0.66,31.020000000000003
2021-02-14,53,66.0,0.66,34.980000000000004
2021-02-15,53,66.0,0.66,34.980000000000004
2021-02-16,61,66.0,0.66,40.260000000000005
2021-02-17,68,66.0,0.66,44.88
2021-02-18,60,66.0,0.66,39.6
2021-02-19,68,66.0,0.66,44.88
2021-02-20,77,66.0,0.66,50.82
2021-02-21,64,66.0,0.66,42.24
2021-02-22,78,66.0,0.66,51.480000000000004
2021-02-23,95,66.0,0.66,62.7
2021-02-24,72,66.0,0.66,47.52
2021-02-25,56,66.0,0.66,36.96
2021-02-26,59,66.0,0.66,38.940000000000005
2021-02-27,49,66.0,0.66,32.34
2021-02-28,53,66.0,0.66,34.980000000000004
2021-03-01,83,48.0,0.48,39.839999999999996
2021-03-02,83,48.0,0.48,39.839999999999996
2021-03-03,77,48.0,0.48,36.96
2021-03-04,74,48.0,0.48,35.519999999999996
2021-03-05,70,48.0,0.48,33.6
2021-03-06,63,48.0,0.48,30.24
2021-03-07,65,48.0,0.48,31.2
2021-03-08,69,48.0,0.48,33.12
2021-03-09,85,48.0,0.48,40.8
2021-03-10,80,48.0,0.48,38.4
2021-03-11,76,48.0,0.48,36.48
2021-03-12,79,48.0,0.48,37.92
2021-03-13,99,48.0,0.48,47.519999999999996
2021-03-14,100,48.0,0.48,48.0
2021-03-15,85,48.0,0.48,40.8
2021-03-16,78,48.0,0.48,37.44
2021-03-17,78,48.0,0.48,37.44
2021-03-18,74,48.0,0.48,35.519999999999996
2021-03-19,70,48.0,0.48,33.6
2021-03-20,62,48.0,0.48,29.759999999999998
2021-03-21,66,48.0,0.48,31.68
2021-03-22,74,48.0,0.48,35.519999999999996
2021-03-23,68,48.0,0.48,32.64
2021-03-24,79,48.0,0.48,37.92
2021-03-25,85,48.0,0.48,40.8
2021-03-26,70,48.0,0.48,33.6
2021-03-27,66,48.0,0.48,31.68
2021-03-28,60,48.0,0.48,28.799999999999997
2021-03-29,66,48.0,0.48,31.68
2021-03-30,72,48.0,0.48,34.56
2021-03-31,69,48.0,0.48,33.12
2021-04-01,54,52.0,0.52,28.080000000000002
2021-04-02,49,52.0,0.52,25.48
2021-04-03,44,52.0,0.52,22.880000000000003
2021-04-04,43,52.0,0.52,22.36
2021-04-05,48,52.0,0.52,24.96
2021-04-06,46,52.0,0.52,23.92
2021-04-07,45,52.0,0.52,23.400000000000002
2021-04-08,44,52.0,0.52,22.880000000000003
2021-04-09,38,52.0,0.52,19.76
2021-04-10,48,52.0,0.52,24.96
2021-04-11,45,52.0,0.52,23.400000000000002
2021-04-12,48,52.0,0.52,24.96
2021-04-13,61,52.0,0.52,31.720000000000002
2021-04-14,68,52.0,0.52,35.36
2021-04-15,60,52.0,0.52,31.200000000000003
2021-04-16,64,52.0,0.52,33.28
2021-04-17,51,52.0,0.52,26.52
2021-04-18,94,52.0,0.52,48.88
2021-04-19,76,52.0,0.52,39.52
2021-04-20,71,52.0,0.52,36.92
2021-04-21,56,52.0,0.52,29.12
2021-04-22,61,52.0,0.52,31.720000000000002
2021-04-23,100,52.0,0.52,52.0
2021-04-24,68,52.0,0.52,35.36
2021-04-25,57,52.0,0.52,29.64
2021-04-26,64,52.0,0.52,33.28
2021-04-27,61,52.0,0.52,31.720000000000002
2021-04-28,56,52.0,0.52,29.12
2021-04-29,49,52.0,0.52,25.48
2021-04-30,49,52.0,0.52,25.48
2021-05-01,26,69.0,0.69,17.939999999999998
2021-05-02,24,69.0,0.69,16.56
2021-05-03,27,69.0,0.69,18.63
2021-05-04,28,69.0,0.69,19.32
2021-05-05,27,69.0,0.69,18.63
2021-05-06,26,69.0,0.69,17.939999999999998
2021-05-07,25,69.0,0.69,17.25
2021-05-08,25,69.0,0.69,17.25
2021-05-09,26,69.0,0.69,17.939999999999998
2021-05-10,28,69.0,0.69,19.32
2021-05-11,26,69.0,0.69,17.939999999999998
2021-05-12,28,69.0,0.69,19.32
2021-05-13,68,69.0,0.69,46.919999999999995
2021-05-14,41,69.0,0.69,28.29
2021-05-15,33,69.0,0.69,22.77
2021-05-16,36,69.0,0.69,24.839999999999996
2021-05-17,51,69.0,0.69,35.19
2021-05-18,40,69.0,0.69,27.599999999999998
2021-05-19,100,69.0,0.69,69.0
2021-05-20,75,69.0,0.69,51.74999999999999
2021-05-21,59,69.0,0.69,40.709999999999994
2021-05-22,51,69.0,0.69,35.19
2021-05-23,61,69.0,0.69,42.089999999999996
2021-05-24,55,69.0,0.69,37.949999999999996
2021-05-25,45,69.0,0.69,31.049999999999997
2021-05-26,38,69.0,0.69,26.22
2021-05-27,34,69.0,0.69,23.459999999999997
2021-05-28,34,69.0,0.69,23.459999999999997
2021-05-29,35,69.0,0.69,24.15
2021-05-30,32,69.0,0.69,22.08
2021-05-31,30,69.0,0.69,20.7
2021-06-01,65,45.0,0.45,29.25
2021-06-02,64,45.0,0.45,28.8
2021-06-03,63,45.0,0.45,28.35
2021-06-04,71,45.0,0.45,31.95
2021-06-05,64,45.0,0.45,28.8
2021-06-06,65,45.0,0.45,29.25
2021-06-07,63,45.0,0.45,28.35
2021-06-08,88,45.0,0.45,39.6
2021-06-09,79,45.0,0.45,35.550000000000004
2021-06-10,70,45.0,0.45,31.5
2021-06-11,58,45.0,0.45,26.1
2021-06-12,51,45.0,0.45,22.95
2021-06-13,53,45.0,0.45,23.85
2021-06-14,67,45.0,0.45,30.150000000000002
2021-06-15,55,45.0,0.45,24.75
2021-06-16,52,45.0,0.45,23.400000000000002
2021-06-17,47,45.0,0.45,21.150000000000002
2021-06-18,48,45.0,0.45,21.6
2021-06-19,46,45.0,0.45,20.7
2021-06-20,48,45.0,0.45,21.6
2021-06-21,69,45.0,0.45,31.05
2021-06-22,100,45.0,0.45,45.0
2021-06-23,67,45.0,0.45,30.150000000000002
2021-06-24,57,45.0,0.45,25.650000000000002
2021-06-25,56,45.0,0.45,25.2
2021-06-26,55,45.0,0.45,24.75
2021-06-27,50,45.0,0.45,22.5
2021-06-28,52,45.0,0.45,23.400000000000002
2021-06-29,50,45.0,0.45,22.5
2021-06-30,47,45.0,0.45,21.150000000000002
2021-07-01,59,31.0,0.31,18.29
2021-07-02,58,31.0,0.31,17.98
2021-07-03,55,31.0,0.31,17.05
2021-07-04,58,31.0,0.31,17.98
2021-07-05,59,31.0,0.31,18.29
2021-07-06,54,31.0,0.31,16.74
2021-07-07,49,31.0,0.31,15.19
2021-07-08,56,31.0,0.31,17.36
2021-07-09,52,31.0,0.31,16.12
2021-07-10,46,31.0,0.31,14.26
2021-07-11,46,31.0,0.31,14.26
2021-07-12,49,31.0,0.31,15.19
2021-07-13,50,31.0,0.31,15.5
2021-07-14,51,31.0,0.31,15.81
2021-07-15,51,31.0,0.31,15.81
2021-07-16,53,31.0,0.31,16.43
2021-07-17,47,31.0,0.31,14.57
2021-07-18,48,31.0,0.31,14.879999999999999
2021-07-19,58,31.0,0.31,17.98
2021-07-20,74,31.0,0.31,22.94
2021-07-21,71,31.0,0.31,22.01
2021-07-22,60,31.0,0.31,18.6
2021-07-23,53,31.0,0.31,16.43
2021-07-24,53,31.0,0.31,16.43
2021-07-25,55,31.0,0.31,17.05
2021-07-26,100,31.0,0.31,31.0
2021-07-27,72,31.0,0.31,22.32
2021-07-28,69,31.0,0.31,21.39
2021-07-29,59,31.0,0.31,18.29
2021-07-30,59,31.0,0.31,18.29
2021-07-31,60,31.0,0.31,18.6
2021-08-01,78,34.0,0.34,26.520000000000003
2021-08-02,76,34.0,0.34,25.840000000000003
2021-08-03,75,34.0,0.34,25.500000000000004
2021-08-04,73,34.0,0.34,24.82
2021-08-05,67,34.0,0.34,22.78
2021-08-06,80,34.0,0.34,27.200000000000003
2021-08-07,83,34.0,0.34,28.220000000000002
2021-08-08,87,34.0,0.34,29.580000000000002
2021-08-09,93,34.0,0.34,31.62
2021-08-10,91,34.0,0.34,30.94
2021-08-11,97,34.0,0.34,32.980000000000004
2021-08-12,94,34.0,0.34,31.96
2021-08-13,84,34.0,0.34,28.560000000000002
2021-08-14,82,34.0,0.34,27.880000000000003
2021-08-15,78,34.0,0.34,26.520000000000003
2021-08-16,83,34.0,0.34,28.220000000000002
2021-08-17,78,34.0,0.34,26.520000000000003
2021-08-18,78,34.0,0.34,26.520000000000003
2021-08-19,73,34.0,0.34,24.82
2021-08-20,81,34.0,0.34,27.540000000000003
2021-08-21,78,34.0,0.34,26.520000000000003
2021-08-22,76,34.0,0.34,25.840000000000003
2021-08-23,100,34.0,0.34,34.0
2021-08-24,88,34.0,0.34,29.92
2021-08-25,80,34.0,0.34,27.200000000000003
2021-08-26,75,34.0,0.34,25.500000000000004
2021-08-27,72,34.0,0.34,24.48
2021-08-28,66,34.0,0.34,22.44
2021-08-29,68,34.0,0.34,23.12
2021-08-30,67,34.0,0.34,22.78
2021-08-31,72,34.0,0.34,24.48
2021-09-01,51,30.0,0.3,15.299999999999999
2021-09-02,57,30.0,0.3,17.099999999999998
2021-09-03,56,30.0,0.3,16.8
2021-09-04,50,30.0,0.3,15.0
2021-09-05,51,30.0,0.3,15.299999999999999
2021-09-06,57,30.0,0.3,17.099999999999998
2021-09-07,100,30.0,0.3,30.0
2021-09-08,93,30.0,0.3,27.9
2021-09-09,67,30.0,0.3,20.099999999999998
2021-09-10,61,30.0,0.3,18.3
2021-09-11,53,30.0,0.3,15.899999999999999
2021-09-12,50,30.0,0.3,15.0
2021-09-13,60,30.0,0.3,18.0
2021-09-14,52,30.0,0.3,15.6
2021-09-15,52,30.0,0.3,15.6
2021-09-16,51,30.0,0.3,15.299999999999999
2021-09-17,49,30.0,0.3,14.7
2021-09-18,46,30.0,0.3,13.799999999999999
2021-09-19,43,30.0,0.3,12.9
2021-09-20,65,30.0,0.3,19.5
2021-09-21,70,30.0,0.3,21.0
2021-09-22,62,30.0,0.3,18.599999999999998
2021-09-23,56,30.0,0.3,16.8
2021-09-24,79,30.0,0.3,23.7
2021-09-25,59,30.0,0.3,17.7
2021-09-26,52,30.0,0.3,15.6
2021-09-27,51,30.0,0.3,15.299999999999999
2021-09-28,50,30.0,0.3,15.0
2021-09-29,50,30.0,0.3,15.0
2021-09-30,49,30.0,0.3,14.7
2021-10-01,53,37.0,0.37,19.61
2021-10-02,42,37.0,0.37,15.54
2021-10-03,43,37.0,0.37,15.91
2021-10-04,46,37.0,0.37,17.02
2021-10-05,55,37.0,0.37,20.35
2021-10-06,72,37.0,0.37,26.64
2021-10-07,60,37.0,0.37,22.2
2021-10-08,55,37.0,0.37,20.35
2021-10-09,48,37.0,0.37,17.759999999999998
2021-10-10,47,37.0,0.37,17.39
2021-10-11,59,37.0,0.37,21.83
2021-10-12,58,37.0,0.37,21.46
2021-10-13,52,37.0,0.37,19.24
2021-10-14,56,37.0,0.37,20.72
2021-10-15,75,37.0,0.37,27.75
2021-10-16,69,37.0,0.37,25.53
2021-10-17,57,37.0,0.37,21.09
2021-10-18,67,37.0,0.37,24.79
2021-10-19,79,37.0,0.37,29.23
2021-10-20,100,37.0,0.37,37.0
2021-10-21,90,37.0,0.37,33.3
2021-10-22,72,37.0,0.37,26.64
2021-10-23,57,37.0,0.37,21.09
2021-10-24,54,37.0,0.37,19.98
2021-10-25,65,37.0,0.37,24.05
2021-10-26,66,37.0,0.37,24.419999999999998
2021-10-27,71,37.0,0.37,26.27
2021-10-28,62,37.0,0.37,22.94
2021-10-29,58,37.0,0.37,21.46
2021-10-30,50,37.0,0.37,18.5
2021-10-31,50,37.0,0.37,18.5
2021-11-01,68,34.0,0.34,23.12
2021-11-02,75,34.0,0.34,25.500000000000004
2021-11-03,72,34.0,0.34,24.48
2021-11-04,71,34.0,0.34,24.14
2021-11-05,67,34.0,0.34,22.78
2021-11-06,57,34.0,0.34,19.380000000000003
2021-11-07,60,34.0,0.34,20.400000000000002
2021-11-08,88,34.0,0.34,29.92
2021-11-09,100,34.0,0.34,34.0
2021-11-10,94,34.0,0.34,31.96
2021-11-11,81,34.0,0.34,27.540000000000003
2021-11-12,77,34.0,0.34,26.180000000000003
2021-11-13,70,34.0,0.34,23.8
2021-11-14,70,34.0,0.34,23.8
2021-11-15,74,34.0,0.34,25.16
2021-11-16,95,34.0,0.34,32.300000000000004
2021-11-17,86,34.0,0.34,29.240000000000002
2021-11-18,86,34.0,0.34,29.240000000000002
2021-11-19,89,34.0,0.34,30.26
2021-11-20,72,34.0,0.34,24.48
2021-11-21,65,34.0,0.34,22.1
2021-11-22,76,34.0,0.34,25.840000000000003
2021-11-23,84,34.0,0.34,28.560000000000002
2021-11-24,84,34.0,0.34,28.560000000000002
2021-11-25,71,34.0,0.34,24.14
2021-11-26,91,34.0,0.34,30.94
2021-11-27,74,34.0,0.34,25.16
2021-11-28,68,34.0,0.34,23.12
2021-11-29,75,34.0,0.34,25.500000000000004
2021-11-30,73,34.0,0.34,24.82
2021-12-01,46,34.0,0.34,15.64
2021-12-02,43,34.0,0.34,14.620000000000001
2021-12-03,44,34.0,0.34,14.96
2021-12-04,100,34.0,0.34,34.0
2021-12-05,71,34.0,0.34,24.14
2021-12-06,66,34.0,0.34,22.44
2021-12-07,60,34.0,0.34,20.400000000000002
2021-12-08,53,34.0,0.34,18.02
2021-12-09,52,34.0,0.34,17.68
2021-12-10,51,34.0,0.34,17.34
2021-12-11,45,34.0,0.34,15.3
2021-12-12,44,34.0,0.34,14.96
2021-12-13,58,34.0,0.34,19.720000000000002
2021-12-14,58,34.0,0.34,19.720000000000002
2021-12-15,52,34.0,0.34,17.68
2021-12-16,47,34.0,0.34,15.98
2021-12-17,46,34.0,0.34,15.64
2021-12-18,43,34.0,0.34,14.620000000000001
2021-12-19,40,34.0,0.34,13.600000000000001
2021-12-20,47,34.0,0.34,15.98
2021-12-21,47,34.0,0.34,15.98
2021-12-22,47,34.0,0.34,15.98
2021-12-23,45,34.0,0.34,15.3
2021-12-24,48,34.0,0.34,16.32
2021-12-25,43,34.0,0.34,14.620000000000001
2021-12-26,41,34.0,0.34,13.940000000000001
2021-12-27,45,34.0,0.34,15.3
2021-12-28,45,34.0,0.34,15.3
2021-12-29,45,34.0,0.34,15.3
2021-12-30,45,34.0,0.34,15.3
2021-12-31,41,34.0,0.34,13.940000000000001
2022-01-01,38,42.0,0.42,15.959999999999999
2022-01-02,37,42.0,0.42,15.54
2022-01-03,40,42.0,0.42,16.8
2022-01-04,47,42.0,0.42,19.74
2022-01-05,36,42.0,0.42,15.12
2022-01-06,54,42.0,0.42,22.68
2022-01-07,65,42.0,0.42,27.3
2022-01-08,56,42.0,0.42,23.52
2022-01-09,52,42.0,0.42,21.84
2022-01-10,56,42.0,0.42,23.52
2022-01-11,49,42.0,0.42,20.58
2022-01-12,46,42.0,0.42,19.32
2022-01-13,35,42.0,0.42,14.7
2022-01-14,35,42.0,0.42,14.7
2022-01-15,38,42.0,0.42,15.959999999999999
2022-01-16,29,42.0,0.42,12.18
2022-01-17,34,42.0,0.42,14.28
2022-01-18,37,42.0,0.42,15.54
2022-01-19,36,42.0,0.42,15.12
2022-01-20,37,42.0,0.42,15.54
2022-01-21,75,42.0,0.42,31.5
2022-01-22,100,42.0,0.42,42.0
2022-01-23,74,42.0,0.42,31.08
2022-01-24,76,42.0,0.42,31.919999999999998
2022-01-25,62,42.0,0.42,26.04
2022-01-26,61,42.0,0.42,25.619999999999997
2022-01-27,57,42.0,0.42,23.939999999999998
2022-01-28,55,42.0,0.42,23.099999999999998
2022-01-29,49,42.0,0.42,20.58
2022-01-30,46,42.0,0.42,19.32
2022-01-31,51,42.0,0.42,21.419999999999998
2022-02-01,61,34.0,0.34,20.740000000000002
2022-02-02,58,34.0,0.34,19.720000000000002
2022-02-03,55,34.0,0.34,18.700000000000003
2022-02-04,62,34.0,0.34,21.080000000000002
2022-02-05,59,34.0,0.34,20.060000000000002
2022-02-06,51,34.0,0.34,17.34
2022-02-07,64,34.0,0.34,21.76
2022-02-08,60,34.0,0.34,20.400000000000002
2022-02-09,56,34.0,0.34,19.040000000000003
2022-02-10,48,34.0,0.34,16.32
2022-02-11,53,34.0,0.34,18.02
2022-02-12,45,34.0,0.34,15.3
2022-02-13,43,34.0,0.34,14.620000000000001
2022-02-14,48,34.0,0.34,16.32
2022-02-15,49,34.0,0.34,16.66
2022-02-16,44,34.0,0.34,14.96
2022-02-17,47,34.0,0.34,15.98
2022-02-18,51,34.0,0.34,17.34
2022-02-19,43,34.0,0.34,14.620000000000001
2022-02-20,50,34.0,0.34,17.0
2022-02-21,54,34.0,0.34,18.360000000000003
2022-02-22,60,34.0,0.34,20.400000000000002
2022-02-23,49,34.0,0.34,16.66
2022-02-24,100,34.0,0.34,34.0
2022-02-25,71,34.0,0.34,24.14
2022-02-26,50,34.0,0.34,17.0
2022-02-27,52,34.0,0.34,17.68
2022-02-28,62,34.0,0.34,21.080000000000002
2022-03-01,100,29.0,0.29,28.999999999999996
2022-03-02,84,29.0,0.29,24.36
2022-03-03,77,29.0,0.29,22.33
2022-03-04,75,29.0,0.29,21.75
2022-03-05,66,29.0,0.29,19.139999999999997
2022-03-06,58,29.0,0.29,16.82
2022-03-07,75,29.0,0.29,21.75
2022-03-08,68,29.0,0.29,19.72
2022-03-09,73,29.0,0.29,21.169999999999998
2022-03-10,67,29.0,0.29,19.43
2022-03-11,68,29.0,0.29,19.72
2022-03-12,55,29.0,0.29,15.95
2022-03-13,55,29.0,0.29,15.95
2022-03-14,63,29.0,0.29,18.27
2022-03-15,61,29.0,0.29,17.689999999999998
2022-03-16,66,29.0,0.29,19.139999999999997
2022-03-17,59,29.0,0.29,17.11
2022-03-18,61,29.0,0.29,17.689999999999998
2022-03-19,54,29.0,0.29,15.659999999999998
2022-03-20,52,29.0,0.29,15.079999999999998
2022-03-21,52,29.0,0.29,15.079999999999998
2022-03-22,62,29.0,0.29,17.98
2022-03-23,56,29.0,0.29,16.24
2022-03-24,59,29.0,0.29,17.11
2022-03-25,61,29.0,0.29,17.689999999999998
2022-03-26,53,29.0,0.29,15.37
2022-03-27,59,29.0,0.29,17.11
2022-03-28,71,29.0,0.29,20.59
2022-03-29,67,29.0,0.29,19.43
2022-03-30,63,29.0,0.29,18.27
2022-03-31,60,29.0,0.29,17.4
2022-04-01,100,23.0,0.23,23.0
2022-04-02,92,23.0,0.23,21.16
2022-04-03,85,23.0,0.23,19.55
2022-04-04,91,23.0,0.23,20.93
2022-04-05,88,23.0,0.23,20.240000000000002
2022-04-06,97,23.0,0.23,22.310000000000002
2022-04-07,96,23.0,0.23,22.080000000000002
2022-04-08,90,23.0,0.23,20.7
2022-04-09,82,23.0,0.23,18.86
2022-04-10,77,23.0,0.23,17.71
2022-04-11,100,23.0,0.23,23.0
2022-04-12,98,23.0,0.23,22.540000000000003
2022-04-13,90,23.0,0.23,20.7
2022-04-14,84,23.0,0.23,19.32
2022-04-15,80,23.0,0.23,18.400000000000002
2022-04-16,77,23.0,0.23,17.71
2022-04-17,68,23.0,0.23,15.64
2022-04-18,88,23.0,0.23,20.240000000000002
2022-04-19,82,23.0,0.23,18.86
2022-04-20,76,23.0,0.23,17.48
2022-04-21,82,23.0,0.23,18.86
2022-04-22,81,23.0,0.23,18.630000000000003
2022-04-23,69,23.0,0.23,15.870000000000001
2022-04-24,72,23.0,0.23,16.560000000000002
2022-04-25,87,23.0,0.23,20.01
2022-04-26,91,23.0,0.23,20.93
2022-04-27,82,23.0,0.23,18.86
2022-04-28,80,23.0,0.23,18.400000000000002
2022-04-29,80,23.0,0.23,18.400000000000002
2022-04-30,75,23.0,0.23,17.25
2022-05-01,27,35.0,0.35,9.45
2022-05-02,28,35.0,0.35,9.799999999999999
2022-05-03,27,35.0,0.35,9.45
2022-05-04,27,35.0,0.35,9.45
2022-05-05,33,35.0,0.35,11.549999999999999
2022-05-06,36,35.0,0.35,12.6
2022-05-07,28,35.0,0.35,9.799999999999999
2022-05-08,35,35.0,0.35,12.25
2022-05-09,61,35.0,0.35,21.349999999999998
2022-05-10,60,35.0,0.35,21.0
2022-05-11,68,35.0,0.35,23.799999999999997
2022-05-12,100,35.0,0.35,35.0
2022-05-13,77,35.0,0.35,26.95
2022-05-14,58,35.0,0.35,20.299999999999997
2022-05-15,49,35.0,0.35,17.15
2022-05-16,48,35.0,0.35,16.799999999999997
2022-05-17,45,35.0,0.35,15.749999999999998
2022-05-18,44,35.0,0.35,15.399999999999999
2022-05-19,43,35.0,0.35,15.049999999999999
2022-05-20,39,35.0,0.35,13.649999999999999
2022-05-21,34,35.0,0.35,11.899999999999999
2022-05-22,33,35.0,0.35,11.549999999999999
2022-05-23,38,35.0,0.35,13.299999999999999
2022-05-24,37,35.0,0.35,12.95
2022-05-25,33,35.0,0.35,11.549999999999999
2022-05-26,34,35.0,0.35,11.899999999999999
2022-05-27,35,35.0,0.35,12.25
2022-05-28,32,35.0,0.35,11.2
2022-05-29,27,35.0,0.35,9.45
2022-05-30,34,35.0,0.35,11.899999999999999
2022-05-31,35,35.0,0.35,12.25
2022-06-01,31,42.0,0.42,13.02
2022-06-02,31,42.0,0.42,13.02
2022-06-03,29,42.0,0.42,12.18
2022-06-04,26,42.0,0.42,10.92
2022-06-05,25,42.0,0.42,10.5
2022-06-06,29,42.0,0.42,12.18
2022-06-07,32,42.0,0.42,13.44
2022-06-08,30,42.0,0.42,12.6
2022-06-09,27,42.0,0.42,11.34
2022-06-10,28,42.0,0.42,11.76
2022-06-11,29,42.0,0.42,12.18
2022-06-12,36,42.0,0.42,15.12
2022-06-13,100,42.0,0.42,42.0
2022-06-14,94,42.0,0.42,39.48
2022-06-15,86,42.0,0.42,36.12
2022-06-16,74,42.0,0.42,31.08
2022-06-17,65,42.0,0.42,27.3
2022-06-18,97,42.0,0.42,40.74
2022-06-19,92,42.0,0.42,38.64
2022-06-20,70,42.0,0.42,29.4
2022-06-21,64,42.0,0.42,26.88
2022-06-22,59,42.0,0.42,24.779999999999998
2022-06-23,49,42.0,0.42,20.58
2022-06-24,45,42.0,0.42,18.9
2022-06-25,39,42.0,0.42,16.38
2022-06-26,39,42.0,0.42,16.38
2022-06-27,43,42.0,0.42,18.06
2022-06-28,42,42.0,0.42,17.64
2022-06-29,44,42.0,0.42,18.48
2022-06-30,50,42.0,0.42,21.0
2022-07-01,100,29.0,0.29,28.999999999999996
2022-07-02,83,29.0,0.29,24.069999999999997
2022-07-03,83,29.0,0.29,24.069999999999997
2022-07-04,85,29.0,0.29,24.65
2022-07-05,86,29.0,0.29,24.939999999999998
2022-07-06,79,29.0,0.29,22.91
2022-07-07,82,29.0,0.29,23.779999999999998
2022-07-08,82,29.0,0.29,23.779999999999998
2022-07-09,64,29.0,0.29,18.56
2022-07-10,64,29.0,0.29,18.56
2022-07-11,77,29.0,0.29,22.33
2022-07-12,76,29.0,0.29,22.04
2022-07-13,76,29.0,0.29,22.04
2022-07-14,77,29.0,0.29,22.33
2022-07-15,70,29.0,0.29,20.299999999999997
2022-07-16,62,29.0,0.29,17.98
2022-07-17,63,29.0,0.29,18.27
2022-07-18,79,29.0,0.29,22.91
2022-07-19,74,29.0,0.29,21.459999999999997
2022-07-20,83,29.0,0.29,24.069999999999997
2022-07-21,92,29.0,0.29,26.68
2022-07-22,72,29.0,0.29,20.88
2022-07-23,63,29.0,0.29,18.27
2022-07-24,55,29.0,0.29,15.95
2022-07-25,66,29.0,0.29,19.139999999999997
2022-07-26,69,29.0,0.29,20.009999999999998
2022-07-27,65,29.0,0.29,18.849999999999998
2022-07-28,68,29.0,0.29,19.72
2022-07-29,67,29.0,0.29,19.43
2022-07-30,58,29.0,0.29,16.82
2022-07-31,58,29.0,0.29,16.82
2022-08-01,99,22.0,0.22,21.78
2022-08-02,92,22.0,0.22,20.24
2022-08-03,91,22.0,0.22,20.02
2022-08-04,85,22.0,0.22,18.7
2022-08-05,82,22.0,0.22,18.04
2022-08-06,73,22.0,0.22,16.06
2022-08-07,72,22.0,0.22,15.84
2022-08-08,86,22.0,0.22,18.92
2022-08-09,83,22.0,0.22,18.26
2022-08-10,87,22.0,0.22,19.14
2022-08-11,95,22.0,0.22,20.9
2022-08-12,83,22.0,0.22,18.26
2022-08-13,75,22.0,0.22,16.5
2022-08-14,78,22.0,0.22,17.16
2022-08-15,84,22.0,0.22,18.48
2022-08-16,79,22.0,0.22,17.38
2022-08-17,80,22.0,0.22,17.6
2022-08-18,75,22.0,0.22,16.5
2022-08-19,100,22.0,0.22,22.0
2022-08-20,85,22.0,0.22,18.7
2022-08-21,76,22.0,0.22,16.72
2022-08-22,85,22.0,0.22,18.7
2022-08-23,82,22.0,0.22,18.04
2022-08-24,68,22.0,0.22,14.96
2022-08-25,74,22.0,0.22,16.28
2022-08-26,79,22.0,0.22,17.38
2022-08-27,82,22.0,0.22,18.04
2022-08-28,81,22.0,0.22,17.82
2022-08-29,93,22.0,0.22,20.46
2022-08-30,85,22.0,0.22,18.7
2022-08-31,77,22.0,0.22,16.94
2022-09-01,85,22.0,0.22,18.7
2022-09-02,79,22.0,0.22,17.38
2022-09-03,71,22.0,0.22,15.62
2022-09-04,71,22.0,0.22,15.62
2022-09-05,77,22.0,0.22,16.94
2022-09-06,87,22.0,0.22,19.14
2022-09-07,93,22.0,0.22,20.46
2022-09-08,82,22.0,0.22,18.04
2022-09-09,91,22.0,0.22,20.02
2022-09-10,78,22.0,0.22,17.16
2022-09-11,73,22.0,0.22,16.06
2022-09-12,91,22.0,0.22,20.02
2022-09-13,91,22.0,0.22,20.02
2022-09-14,91,22.0,0.22,20.02
2022-09-15,86,22.0,0.22,18.92
2022-09-16,85,22.0,0.22,18.7
2022-09-17,73,22.0,0.22,16.06
2022-09-18,75,22.0,0.22,16.5
2022-09-19,100,22.0,0.22,22.0
2022-09-20,89,22.0,0.22,19.580000000000002
2022-09-21,97,22.0,0.22,21.34
2022-09-22,90,22.0,0.22,19.8
2022-09-23,88,22.0,0.22,19.36
2022-09-24,77,22.0,0.22,16.94
2022-09-25,75,22.0,0.22,16.5
2022-09-26,86,22.0,0.22,18.92
